"處理時間","報表類型","動作","原始路徑","目標路徑","統計開始日","統計結束日","產出時間","檔案大小","結果","備註"
"2026-09-04 11:03:17","店家訂單數日報","歸檔","\\ycpl-server\a02_電商部\03_平台管理\Online_Platform_Data\01_Shopee\04_Report_Output\png\店家訂單數日報_統計20260601-20260630_產出20260612_104124.png","\\ycpl-server\a02_電商部\03_平台管理\Online_Platform_Data\01_Shopee\04_Report_Output\png\01_LINE已發歸檔\2026年06月\店家訂單數日報_統計20260601-20260630_產出20260612_104124.png","20260601","20260630","20260612_104124","405513","成功",""
"2026-09-04 11:03:17","店家訂單數日報","歸檔","\\ycpl-server\a02_電商部\03_平台管理\Online_Platform_Data\01_Shopee\04_Report_Output\png\店家訂單數日報_統計20260601-20260630_產出20260612_110341.png","\\ycpl-server\a02_電商部\03_平台管理\Online_Platform_Data\01_Shopee\04_Report_Output\png\01_LINE已發歸檔\2026年06月\店家訂單數日報_統計20260601-20260630_產出20260612_110341.png","20260601","20260630","20260612_110341","404405","成功",""
"2026-09-04 11:03:17","店家訂單數日報","歸檔","\\ycpl-server\a02_電商部\03_平台管理\Online_Platform_Data\01_Shopee\04_Report_Output\png\店家訂單數日報_統計20260601-20260630_產出20260612_113054.png","\\ycpl-server\a02_電商部\03_平台管理\Online_Platform_Data\01_Shopee\04_Report_Output\png\01_LINE已發歸檔\2026年06月\店家訂單數日報_統計20260601-20260630_產出20260612_113054.png","20260601","20260630","20260612_113054","404773","成功",""
"2026-09-04 11:03:17","店家訂單數日報","歸檔","\\ycpl-server\a02_電商部\03_平台管理\Online_Platform_Data\01_Shopee\04_Report_Output\png\店家訂單數日報_統計20260601-20260630_產出20260616_103552.png","\\ycpl-server\a02_電商部\03_平台管理\Online_Platform_Data\01_Shopee\04_Report_Output\png\01_LINE已發歸檔\2026年06月\店家訂單數日報_統計20260601-20260630_產出20260616_103552.png","20260601","20260630","20260616_103552","418833","成功",""
"2026-09-04 11:03:17","店家訂單數日報","歸檔","\\ycpl-server\a02_電商部\03_平台管理\Online_Platform_Data\01_Shopee\04_Report_Output\png\店家訂單數日報_統計20260601-20260630_產出20260622_160347.png","\\ycpl-server\a02_電商部\03_平台管理\Online_Platform_Data\01_Shopee\04_Report_Output\png\01_LINE已發歸檔\2026年06月\店家訂單數日報_統計20260601-20260630_產出20260622_160347.png","20260601","20260630","20260622_160347","440126","成功",""
"2026-09-04 11:03:17","店家訂單數日報","歸檔","\\ycpl-server\a02_電商部\03_平台管理\Online_Platform_Data\01_Shopee\04_Report_Output\png\店家訂單數日報_統計20260601-20260630_產出20260622_163313.png","\\ycpl-server\a02_電商部\03_平台管理\Online_Platform_Data\01_Shopee\04_Report_Output\png\01_LINE已發歸檔\2026年06月\店家訂單數日報_統計20260601-20260630_產出20260622_163313.png","20260601","20260630","20260622_163313","440275","成功",""
"2026-09-04 11:03:17","店家訂單數日報","歸檔","\\ycpl-server\a02_電商部\03_平台管理\Online_Platform_Data\01_Shopee\04_Report_Output\png\店家訂單數日報_統計20260601-20260630_產出20260622_170348.png","\\ycpl-server\a02_電商部\03_平台管理\Online_Platform_Data\01_Shopee\04_Report_Output\png\01_LINE已發歸檔\2026年06月\店家訂單數日報_統計20260601-20260630_產出20260622_170348.png","20260601","20260630","20260622_170348","440122","成功",""
"2026-09-04 11:03:17","店家訂單數日報","歸檔","\\ycpl-server\a02_電商部\03_平台管理\Online_Platform_Data\01_Shopee\04_Report_Output\png\店家訂單數日報_統計20260601-20260630_產出20260623_110045.png","\\ycpl-server\a02_電商部\03_平台管理\Online_Platform_Data\01_Shopee\04_Report_Output\png\01_LINE已發歸檔\2026年06月\店家訂單數日報_統計20260601-20260630_產出20260623_110045.png","20260601","20260630","20260623_110045","442967","成功",""
"2026-09-04 11:03:17","店家訂單數日報","歸檔","\\ycpl-server\a02_電商部\03_平台管理\Online_Platform_Data\01_Shopee\04_Report_Output\png\店家訂單數日報_統計20260601-20260630_產出20260623_123334.png","\\ycpl-server\a02_電商部\03_平台管理\Online_Platform_Data\01_Shopee\04_Report_Output\png\01_LINE已發歸檔\2026年06月\店家訂單數日報_統計20260601-20260630_產出20260623_123334.png","20260601","20260630","20260623_123334","443562","成功",""
"2026-09-04 11:03:17","店家訂單數日報","歸檔","\\ycpl-server\a02_電商部\03_平台管理\Online_Platform_Data\01_Shopee\04_Report_Output\png\店家訂單數日報_統計20260601-20260630_產出20260623_125309.png","\\ycpl-server\a02_電商部\03_平台管理\Online_Platform_Data\01_Shopee\04_Report_Output\png\01_LINE已發歸檔\2026年06月\店家訂單數日報_統計20260601-20260630_產出20260623_125309.png","20260601","20260630","20260623_125309","443958","成功",""
"2026-09-04 11:03:17","店家訂單數日報","歸檔","\\ycpl-server\a02_電商部\03_平台管理\Online_Platform_Data\01_Shopee\04_Report_Output\png\店家訂單數日報_統計20260601-20260630_產出20260623_132134.png","\\ycpl-server\a02_電商部\03_平台管理\Online_Platform_Data\01_Shopee\04_Report_Output\png\01_LINE已發歸檔\2026年06月\店家訂單數日報_統計20260601-20260630_產出20260623_132134.png","20260601","20260630","20260623_132134","444365","成功",""
"2026-09-04 11:03:17","店家訂單數日報","歸檔","\\ycpl-server\a02_電商部\03_平台管理\Online_Platform_Data\01_Shopee\04_Report_Output\png\店家訂單數日報_統計20260601-20260630_產出20260623_141306.png","\\ycpl-server\a02_電商部\03_平台管理\Online_Platform_Data\01_Shopee\04_Report_Output\png\01_LINE已發歸檔\2026年06月\店家訂單數日報_統計20260601-20260630_產出20260623_141306.png","20260601","20260630","20260623_141306","443775","成功",""
"2026-09-04 11:03:17","店家訂單數日報","歸檔","\\ycpl-server\a02_電商部\03_平台管理\Online_Platform_Data\01_Shopee\04_Report_Output\png\店家訂單數日報_統計20260601-20260630_產出20260623_150524.png","\\ycpl-server\a02_電商部\03_平台管理\Online_Platform_Data\01_Shopee\04_Report_Output\png\01_LINE已發歸檔\2026年06月\店家訂單數日報_統計20260601-20260630_產出20260623_150524.png","20260601","20260630","20260623_150524","444148","成功",""
"2026-09-04 11:03:17","店家訂單數日報","歸檔","\\ycpl-server\a02_電商部\03_平台管理\Online_Platform_Data\01_Shopee\04_Report_Output\png\店家訂單數日報_統計20260601-20260630_產出20260623_153340.png","\\ycpl-server\a02_電商部\03_平台管理\Online_Platform_Data\01_Shopee\04_Report_Output\png\01_LINE已發歸檔\2026年06月\店家訂單數日報_統計20260601-20260630_產出20260623_153340.png","20260601","20260630","20260623_153340","444200","成功",""
"2026-09-04 11:03:17","店家訂單數日報","歸檔","\\ycpl-server\a02_電商部\03_平台管理\Online_Platform_Data\01_Shopee\04_Report_Output\png\店家訂單數日報_統計20260601-20260630_產出20260623_153911.png","\\ycpl-server\a02_電商部\03_平台管理\Online_Platform_Data\01_Shopee\04_Report_Output\png\01_LINE已發歸檔\2026年06月\店家訂單數日報_統計20260601-20260630_產出20260623_153911.png","20260601","20260630","20260623_153911","444716","成功",""
"2026-09-04 11:03:17","店家訂單數日報","歸檔","\\ycpl-server\a02_電商部\03_平台管理\Online_Platform_Data\01_Shopee\04_Report_Output\png\店家訂單數日報_統計20260601-20260630_產出20260623_160402.png","\\ycpl-server\a02_電商部\03_平台管理\Online_Platform_Data\01_Shopee\04_Report_Output\png\01_LINE已發歸檔\2026年06月\店家訂單數日報_統計20260601-20260630_產出20260623_160402.png","20260601","20260630","20260623_160402","443609","成功",""
"2026-09-04 11:03:17","店家訂單數日報","歸檔","\\ycpl-server\a02_電商部\03_平台管理\Online_Platform_Data\01_Shopee\04_Report_Output\png\店家訂單數日報_統計20260601-20260630_產出20260623_163315.png","\\ycpl-server\a02_電商部\03_平台管理\Online_Platform_Data\01_Shopee\04_Report_Output\png\01_LINE已發歸檔\2026年06月\店家訂單數日報_統計20260601-20260630_產出20260623_163315.png","20260601","20260630","20260623_163315","443986","成功",""
"2026-09-04 11:03:17","店家訂單數日報","歸檔","\\ycpl-server\a02_電商部\03_平台管理\Online_Platform_Data\01_Shopee\04_Report_Output\png\店家訂單數日報_統計20260601-20260630_產出20260623_170326.png","\\ycpl-server\a02_電商部\03_平台管理\Online_Platform_Data\01_Shopee\04_Report_Output\png\01_LINE已發歸檔\2026年06月\店家訂單數日報_統計20260601-20260630_產出20260623_170326.png","20260601","20260630","20260623_170326","443947","成功",""
"2026-09-04 11:03:17","店家訂單數日報","歸檔","\\ycpl-server\a02_電商部\03_平台管理\Online_Platform_Data\01_Shopee\04_Report_Output\png\店家訂單數日報_統計20260601-20260630_產出20260623_180402.png","\\ycpl-server\a02_電商部\03_平台管理\Online_Platform_Data\01_Shopee\04_Report_Output\png\01_LINE已發歸檔\2026年06月\店家訂單數日報_統計20260601-20260630_產出20260623_180402.png","20260601","20260630","20260623_180402","444418","成功",""
"2026-09-04 11:03:17","店家訂單數日報","歸檔","\\ycpl-server\a02_電商部\03_平台管理\Online_Platform_Data\01_Shopee\04_Report_Output\png\店家訂單數日報_統計20260601-20260630_產出20260624_104006.png","\\ycpl-server\a02_電商部\03_平台管理\Online_Platform_Data\01_Shopee\04_Report_Output\png\01_LINE已發歸檔\2026年06月\店家訂單數日報_統計20260601-20260630_產出20260624_104006.png","20260601","20260630","20260624_104006","449087","成功",""
"2026-09-04 11:03:17","店家訂單數日報","歸檔","\\ycpl-server\a02_電商部\03_平台管理\Online_Platform_Data\01_Shopee\04_Report_Output\png\店家訂單數日報_統計20260601-20260630_產出20260624_120822.png","\\ycpl-server\a02_電商部\03_平台管理\Online_Platform_Data\01_Shopee\04_Report_Output\png\01_LINE已發歸檔\2026年06月\店家訂單數日報_統計20260601-20260630_產出20260624_120822.png","20260601","20260630","20260624_120822","448543","成功",""
"2026-09-04 11:03:17","店家訂單數日報","歸檔","\\ycpl-server\a02_電商部\03_平台管理\Online_Platform_Data\01_Shopee\04_Report_Output\png\店家訂單數日報_統計20260601-20260630_產出20260624_150122.png","\\ycpl-server\a02_電商部\03_平台管理\Online_Platform_Data\01_Shopee\04_Report_Output\png\01_LINE已發歸檔\2026年06月\店家訂單數日報_統計20260601-20260630_產出20260624_150122.png","20260601","20260630","20260624_150122","447888","成功",""
"2026-09-04 11:03:17","店家訂單數日報","歸檔","\\ycpl-server\a02_電商部\03_平台管理\Online_Platform_Data\01_Shopee\04_Report_Output\png\店家訂單數日報_統計20260601-20260630_產出20260624_150956.png","\\ycpl-server\a02_電商部\03_平台管理\Online_Platform_Data\01_Shopee\04_Report_Output\png\01_LINE已發歸檔\2026年06月\店家訂單數日報_統計20260601-20260630_產出20260624_150956.png","20260601","20260630","20260624_150956","448200","成功",""
"2026-09-04 11:03:17","店家訂單數日報","歸檔","\\ycpl-server\a02_電商部\03_平台管理\Online_Platform_Data\01_Shopee\04_Report_Output\png\店家訂單數日報_統計20260601-20260630_產出20260624_151358.png","\\ycpl-server\a02_電商部\03_平台管理\Online_Platform_Data\01_Shopee\04_Report_Output\png\01_LINE已發歸檔\2026年06月\店家訂單數日報_統計20260601-20260630_產出20260624_151358.png","20260601","20260630","20260624_151358","448361","成功",""
"2026-09-04 11:03:17","店家訂單數日報","歸檔","\\ycpl-server\a02_電商部\03_平台管理\Online_Platform_Data\01_Shopee\04_Report_Output\png\店家訂單數日報_統計20260601-20260630_產出20260624_153014.png","\\ycpl-server\a02_電商部\03_平台管理\Online_Platform_Data\01_Shopee\04_Report_Output\png\01_LINE已發歸檔\2026年06月\店家訂單數日報_統計20260601-20260630_產出20260624_153014.png","20260601","20260630","20260624_153014","448132","成功",""
"2026-09-04 11:03:17","店家訂單數日報","歸檔","\\ycpl-server\a02_電商部\03_平台管理\Online_Platform_Data\01_Shopee\04_Report_Output\png\店家訂單數日報_統計20260601-20260630_產出20260624_155048.png","\\ycpl-server\a02_電商部\03_平台管理\Online_Platform_Data\01_Shopee\04_Report_Output\png\01_LINE已發歸檔\2026年06月\店家訂單數日報_統計20260601-20260630_產出20260624_155048.png","20260601","20260630","20260624_155048","448171","成功",""
"2026-09-04 11:03:17","店家訂單數日報","歸檔","\\ycpl-server\a02_電商部\03_平台管理\Online_Platform_Data\01_Shopee\04_Report_Output\png\店家訂單數日報_統計20260601-20260630_產出20260625_102930.png","\\ycpl-server\a02_電商部\03_平台管理\Online_Platform_Data\01_Shopee\04_Report_Output\png\01_LINE已發歸檔\2026年06月\店家訂單數日報_統計20260601-20260630_產出20260625_102930.png","20260601","20260630","20260625_102930","453138","成功",""
"2026-09-04 11:03:17","店家訂單數日報","歸檔","\\ycpl-server\a02_電商部\03_平台管理\Online_Platform_Data\01_Shopee\04_Report_Output\png\店家訂單數日報_統計20260601-20260630_產出20260625_104755.png","\\ycpl-server\a02_電商部\03_平台管理\Online_Platform_Data\01_Shopee\04_Report_Output\png\01_LINE已發歸檔\2026年06月\店家訂單數日報_統計20260601-20260630_產出20260625_104755.png","20260601","20260630","20260625_104755","451045","成功",""
"2026-09-04 11:03:17","店家訂單數日報","歸檔","\\ycpl-server\a02_電商部\03_平台管理\Online_Platform_Data\01_Shopee\04_Report_Output\png\店家訂單數日報_統計20260601-20260630_產出20260625_124916.png","\\ycpl-server\a02_電商部\03_平台管理\Online_Platform_Data\01_Shopee\04_Report_Output\png\01_LINE已發歸檔\2026年06月\店家訂單數日報_統計20260601-20260630_產出20260625_124916.png","20260601","20260630","20260625_124916","451040","成功",""
"2026-09-04 11:03:17","店家訂單數日報","歸檔","\\ycpl-server\a02_電商部\03_平台管理\Online_Platform_Data\01_Shopee\04_Report_Output\png\店家訂單數日報_統計20260601-20260630_產出20260625_150801.png","\\ycpl-server\a02_電商部\03_平台管理\Online_Platform_Data\01_Shopee\04_Report_Output\png\01_LINE已發歸檔\2026年06月\店家訂單數日報_統計20260601-20260630_產出20260625_150801.png","20260601","20260630","20260625_150801","451031","成功",""
"2026-09-04 11:03:17","店家訂單數日報","歸檔","\\ycpl-server\a02_電商部\03_平台管理\Online_Platform_Data\01_Shopee\04_Report_Output\png\店家訂單數日報_統計20260601-20260630_產出20260625_155221.png","\\ycpl-server\a02_電商部\03_平台管理\Online_Platform_Data\01_Shopee\04_Report_Output\png\01_LINE已發歸檔\2026年06月\店家訂單數日報_統計20260601-20260630_產出20260625_155221.png","20260601","20260630","20260625_155221","450393","成功",""
"2026-09-04 11:03:17","店家訂單數日報","歸檔","\\ycpl-server\a02_電商部\03_平台管理\Online_Platform_Data\01_Shopee\04_Report_Output\png\店家訂單數日報_統計20260601-20260630_產出20260625_170920.png","\\ycpl-server\a02_電商部\03_平台管理\Online_Platform_Data\01_Shopee\04_Report_Output\png\01_LINE已發歸檔\2026年06月\店家訂單數日報_統計20260601-20260630_產出20260625_170920.png","20260601","20260630","20260625_170920","450755","成功",""
"2026-09-04 11:03:17","店家訂單數日報","歸檔","\\ycpl-server\a02_電商部\03_平台管理\Online_Platform_Data\01_Shopee\04_Report_Output\png\店家訂單數日報_統計20260601-20260630_產出20260626_110222.png","\\ycpl-server\a02_電商部\03_平台管理\Online_Platform_Data\01_Shopee\04_Report_Output\png\01_LINE已發歸檔\2026年06月\店家訂單數日報_統計20260601-20260630_產出20260626_110222.png","20260601","20260630","20260626_110222","455596","成功",""
"2026-09-04 11:03:17","店家訂單數日報","歸檔","\\ycpl-server\a02_電商部\03_平台管理\Online_Platform_Data\01_Shopee\04_Report_Output\png\店家訂單數日報_統計20260601-20260630_產出20260626_111939.png","\\ycpl-server\a02_電商部\03_平台管理\Online_Platform_Data\01_Shopee\04_Report_Output\png\01_LINE已發歸檔\2026年06月\店家訂單數日報_統計20260601-20260630_產出20260626_111939.png","20260601","20260630","20260626_111939","458642","成功",""
"2026-09-04 11:03:17","店家訂單數日報","歸檔","\\ycpl-server\a02_電商部\03_平台管理\Online_Platform_Data\01_Shopee\04_Report_Output\png\店家訂單數日報_統計20260601-20260630_產出20260626_112242.png","\\ycpl-server\a02_電商部\03_平台管理\Online_Platform_Data\01_Shopee\04_Report_Output\png\01_LINE已發歸檔\2026年06月\店家訂單數日報_統計20260601-20260630_產出20260626_112242.png","20260601","20260630","20260626_112242","459126","成功",""
"2026-09-04 11:03:17","店家訂單數日報","歸檔","\\ycpl-server\a02_電商部\03_平台管理\Online_Platform_Data\01_Shopee\04_Report_Output\png\店家訂單數日報_統計20260601-20260630_產出20260626_112351.png","\\ycpl-server\a02_電商部\03_平台管理\Online_Platform_Data\01_Shopee\04_Report_Output\png\01_LINE已發歸檔\2026年06月\店家訂單數日報_統計20260601-20260630_產出20260626_112351.png","20260601","20260630","20260626_112351","456129","成功",""
"2026-09-04 11:03:17","店家訂單數日報","歸檔","\\ycpl-server\a02_電商部\03_平台管理\Online_Platform_Data\01_Shopee\04_Report_Output\png\店家訂單數日報_統計20260601-20260630_產出20260626_150018.png","\\ycpl-server\a02_電商部\03_平台管理\Online_Platform_Data\01_Shopee\04_Report_Output\png\01_LINE已發歸檔\2026年06月\店家訂單數日報_統計20260601-20260630_產出20260626_150018.png","20260601","20260630","20260626_150018","457355","成功",""
"2026-09-04 11:03:17","店家訂單數日報","歸檔","\\ycpl-server\a02_電商部\03_平台管理\Online_Platform_Data\01_Shopee\04_Report_Output\png\店家訂單數日報_統計20260601-20260630_產出20260626_165520.png","\\ycpl-server\a02_電商部\03_平台管理\Online_Platform_Data\01_Shopee\04_Report_Output\png\01_LINE已發歸檔\2026年06月\店家訂單數日報_統計20260601-20260630_產出20260626_165520.png","20260601","20260630","20260626_165520","456604","成功",""
"2026-09-04 11:03:17","店家訂單數日報","歸檔","\\ycpl-server\a02_電商部\03_平台管理\Online_Platform_Data\01_Shopee\04_Report_Output\png\店家訂單數日報_統計20260601-20260630_產出20260629_103923.png","\\ycpl-server\a02_電商部\03_平台管理\Online_Platform_Data\01_Shopee\04_Report_Output\png\01_LINE已發歸檔\2026年06月\店家訂單數日報_統計20260601-20260630_產出20260629_103923.png","20260601","20260630","20260629_103923","467844","成功",""
"2026-09-04 11:03:17","店家訂單數日報","歸檔","\\ycpl-server\a02_電商部\03_平台管理\Online_Platform_Data\01_Shopee\04_Report_Output\png\店家訂單數日報_統計20260601-20260630_產出20260629_151043.png","\\ycpl-server\a02_電商部\03_平台管理\Online_Platform_Data\01_Shopee\04_Report_Output\png\01_LINE已發歸檔\2026年06月\店家訂單數日報_統計20260601-20260630_產出20260629_151043.png","20260601","20260630","20260629_151043","467787","成功",""
"2026-09-04 11:03:17","店家訂單數日報","歸檔","\\ycpl-server\a02_電商部\03_平台管理\Online_Platform_Data\01_Shopee\04_Report_Output\png\店家訂單數日報_統計20260601-20260630_產出20260630_102536.png","\\ycpl-server\a02_電商部\03_平台管理\Online_Platform_Data\01_Shopee\04_Report_Output\png\01_LINE已發歸檔\2026年06月\店家訂單數日報_統計20260601-20260630_產出20260630_102536.png","20260601","20260630","20260630_102536","472827","成功",""
"2026-09-04 11:03:17","店家訂單數日報","歸檔","\\ycpl-server\a02_電商部\03_平台管理\Online_Platform_Data\01_Shopee\04_Report_Output\png\店家訂單數日報_統計20260601-20260630_產出20260630_105747.png","\\ycpl-server\a02_電商部\03_平台管理\Online_Platform_Data\01_Shopee\04_Report_Output\png\01_LINE已發歸檔\2026年06月\店家訂單數日報_統計20260601-20260630_產出20260630_105747.png","20260601","20260630","20260630_105747","472215","成功",""
"2026-09-04 11:03:17","店家訂單數日報","歸檔","\\ycpl-server\a02_電商部\03_平台管理\Online_Platform_Data\01_Shopee\04_Report_Output\png\店家訂單數日報_統計20260601-20260630_產出20260630_110257.png","\\ycpl-server\a02_電商部\03_平台管理\Online_Platform_Data\01_Shopee\04_Report_Output\png\01_LINE已發歸檔\2026年06月\店家訂單數日報_統計20260601-20260630_產出20260630_110257.png","20260601","20260630","20260630_110257","472315","成功",""
"2026-09-04 11:03:17","店家訂單數日報","歸檔","\\ycpl-server\a02_電商部\03_平台管理\Online_Platform_Data\01_Shopee\04_Report_Output\png\店家訂單數日報_統計20260601-20260630_產出20260630_142329.png","\\ycpl-server\a02_電商部\03_平台管理\Online_Platform_Data\01_Shopee\04_Report_Output\png\01_LINE已發歸檔\2026年06月\店家訂單數日報_統計20260601-20260630_產出20260630_142329.png","20260601","20260630","20260630_142329","472656","成功",""
"2026-09-04 11:03:17","店家訂單數日報","歸檔","\\ycpl-server\a02_電商部\03_平台管理\Online_Platform_Data\01_Shopee\04_Report_Output\png\店家訂單數日報_統計20260601-20260630_產出20260630_144654.png","\\ycpl-server\a02_電商部\03_平台管理\Online_Platform_Data\01_Shopee\04_Report_Output\png\01_LINE已發歸檔\2026年06月\店家訂單數日報_統計20260601-20260630_產出20260630_144654.png","20260601","20260630","20260630_144654","472776","成功",""
"2026-09-04 11:03:17","店家訂單數日報","歸檔","\\ycpl-server\a02_電商部\03_平台管理\Online_Platform_Data\01_Shopee\04_Report_Output\png\店家訂單數日報_統計20260601-20260630_產出20260630_155749.png","\\ycpl-server\a02_電商部\03_平台管理\Online_Platform_Data\01_Shopee\04_Report_Output\png\01_LINE已發歸檔\2026年06月\店家訂單數日報_統計20260601-20260630_產出20260630_155749.png","20260601","20260630","20260630_155749","472784","成功",""
"2026-09-04 11:03:17","店家訂單數日報","歸檔","\\ycpl-server\a02_電商部\03_平台管理\Online_Platform_Data\01_Shopee\04_Report_Output\png\店家訂單數日報_統計20260601-20260630_產出20260630_160802.png","\\ycpl-server\a02_電商部\03_平台管理\Online_Platform_Data\01_Shopee\04_Report_Output\png\01_LINE已發歸檔\2026年06月\店家訂單數日報_統計20260601-20260630_產出20260630_160802.png","20260601","20260630","20260630_160802","472198","成功",""
"2026-09-04 11:03:17","店家訂單數日報","歸檔","\\ycpl-server\a02_電商部\03_平台管理\Online_Platform_Data\01_Shopee\04_Report_Output\png\店家訂單數日報_統計20260601-20260630_產出20260701_105858.png","\\ycpl-server\a02_電商部\03_平台管理\Online_Platform_Data\01_Shopee\04_Report_Output\png\01_LINE已發歸檔\2026年07月\店家訂單數日報_統計20260601-20260630_產出20260701_105858.png","20260601","20260630","20260701_105858","472068","成功",""
"2026-09-04 11:03:17","店家訂單數日報","歸檔","\\ycpl-server\a02_電商部\03_平台管理\Online_Platform_Data\01_Shopee\04_Report_Output\png\店家訂單數日報_統計20260601-20260731_產出20260701_110528.png","\\ycpl-server\a02_電商部\03_平台管理\Online_Platform_Data\01_Shopee\04_Report_Output\png\01_LINE已發歸檔\2026年07月\店家訂單數日報_統計20260601-20260731_產出20260701_110528.png","20260601","20260731","20260701_110528","708898","成功",""
"2026-09-04 11:03:17","店家訂單數日報","歸檔","\\ycpl-server\a02_電商部\03_平台管理\Online_Platform_Data\01_Shopee\04_Report_Output\png\店家訂單數日報_統計20260601-20260731_產出20260701_154909.png","\\ycpl-server\a02_電商部\03_平台管理\Online_Platform_Data\01_Shopee\04_Report_Output\png\01_LINE已發歸檔\2026年07月\店家訂單數日報_統計20260601-20260731_產出20260701_154909.png","20260601","20260731","20260701_154909","709114","成功",""
"2026-09-04 11:03:17","店家訂單數日報","歸檔","\\ycpl-server\a02_電商部\03_平台管理\Online_Platform_Data\01_Shopee\04_Report_Output\png\店家訂單數日報_統計20260601-20260731_產出20260701_174600.png","\\ycpl-server\a02_電商部\03_平台管理\Online_Platform_Data\01_Shopee\04_Report_Output\png\01_LINE已發歸檔\2026年07月\店家訂單數日報_統計20260601-20260731_產出20260701_174600.png","20260601","20260731","20260701_174600","709137","成功",""
"2026-09-04 11:03:17","店家訂單數日報","歸檔","\\ycpl-server\a02_電商部\03_平台管理\Online_Platform_Data\01_Shopee\04_Report_Output\png\店家訂單數日報_統計20260601-20260731_產出20260702_103544.png","\\ycpl-server\a02_電商部\03_平台管理\Online_Platform_Data\01_Shopee\04_Report_Output\png\01_LINE已發歸檔\2026年07月\店家訂單數日報_統計20260601-20260731_產出20260702_103544.png","20260601","20260731","20260702_103544","712222","成功",""
"2026-09-04 11:03:17","店家訂單數日報","歸檔","\\ycpl-server\a02_電商部\03_平台管理\Online_Platform_Data\01_Shopee\04_Report_Output\png\店家訂單數日報_統計20260601-20260731_產出20260702_162111.png","\\ycpl-server\a02_電商部\03_平台管理\Online_Platform_Data\01_Shopee\04_Report_Output\png\01_LINE已發歸檔\2026年07月\店家訂單數日報_統計20260601-20260731_產出20260702_162111.png","20260601","20260731","20260702_162111","712240","成功",""
"2026-09-04 11:03:18","店家訂單數日報","歸檔","\\ycpl-server\a02_電商部\03_平台管理\Online_Platform_Data\01_Shopee\04_Report_Output\png\店家訂單數日報_統計20260601-20260731_產出20260703_104322.png","\\ycpl-server\a02_電商部\03_平台管理\Online_Platform_Data\01_Shopee\04_Report_Output\png\01_LINE已發歸檔\2026年07月\店家訂單數日報_統計20260601-20260731_產出20260703_104322.png","20260601","20260731","20260703_104322","716977","成功",""
"2026-09-04 11:03:18","店家訂單數日報","歸檔","\\ycpl-server\a02_電商部\03_平台管理\Online_Platform_Data\01_Shopee\04_Report_Output\png\店家訂單數日報_統計20260601-20260731_產出20260703_152235.png","\\ycpl-server\a02_電商部\03_平台管理\Online_Platform_Data\01_Shopee\04_Report_Output\png\01_LINE已發歸檔\2026年07月\店家訂單數日報_統計20260601-20260731_產出20260703_152235.png","20260601","20260731","20260703_152235","716827","成功",""
"2026-09-04 11:03:18","店家訂單數日報","歸檔","\\ycpl-server\a02_電商部\03_平台管理\Online_Platform_Data\01_Shopee\04_Report_Output\png\店家訂單數日報_統計20260601-20260731_產出20260706_104710.png","\\ycpl-server\a02_電商部\03_平台管理\Online_Platform_Data\01_Shopee\04_Report_Output\png\01_LINE已發歸檔\2026年07月\店家訂單數日報_統計20260601-20260731_產出20260706_104710.png","20260601","20260731","20260706_104710","731379","成功",""
"2026-09-04 11:03:18","店家訂單數日報","歸檔","\\ycpl-server\a02_電商部\03_平台管理\Online_Platform_Data\01_Shopee\04_Report_Output\png\店家訂單數日報_統計20260601-20260731_產出20260706_163302.png","\\ycpl-server\a02_電商部\03_平台管理\Online_Platform_Data\01_Shopee\04_Report_Output\png\01_LINE已發歸檔\2026年07月\店家訂單數日報_統計20260601-20260731_產出20260706_163302.png","20260601","20260731","20260706_163302","730979","成功",""
"2026-09-04 11:03:18","店家訂單數日報","歸檔","\\ycpl-server\a02_電商部\03_平台管理\Online_Platform_Data\01_Shopee\04_Report_Output\png\店家訂單數日報_統計20260601-20260731_產出20260707_105908.png","\\ycpl-server\a02_電商部\03_平台管理\Online_Platform_Data\01_Shopee\04_Report_Output\png\01_LINE已發歸檔\2026年07月\店家訂單數日報_統計20260601-20260731_產出20260707_105908.png","20260601","20260731","20260707_105908","736675","成功",""
"2026-09-04 11:03:18","店家訂單數日報","歸檔","\\ycpl-server\a02_電商部\03_平台管理\Online_Platform_Data\01_Shopee\04_Report_Output\png\店家訂單數日報_統計20260601-20260731_產出20260707_120511.png","\\ycpl-server\a02_電商部\03_平台管理\Online_Platform_Data\01_Shopee\04_Report_Output\png\01_LINE已發歸檔\2026年07月\店家訂單數日報_統計20260601-20260731_產出20260707_120511.png","20260601","20260731","20260707_120511","736609","成功",""
"2026-09-04 11:03:18","店家訂單數日報","歸檔","\\ycpl-server\a02_電商部\03_平台管理\Online_Platform_Data\01_Shopee\04_Report_Output\png\店家訂單數日報_統計20260601-20260731_產出20260707_150627.png","\\ycpl-server\a02_電商部\03_平台管理\Online_Platform_Data\01_Shopee\04_Report_Output\png\01_LINE已發歸檔\2026年07月\店家訂單數日報_統計20260601-20260731_產出20260707_150627.png","20260601","20260731","20260707_150627","736564","成功",""
"2026-09-04 11:03:18","店家訂單數日報","歸檔","\\ycpl-server\a02_電商部\03_平台管理\Online_Platform_Data\01_Shopee\04_Report_Output\png\店家訂單數日報_統計20260601-20260731_產出20260707_152911.png","\\ycpl-server\a02_電商部\03_平台管理\Online_Platform_Data\01_Shopee\04_Report_Output\png\01_LINE已發歸檔\2026年07月\店家訂單數日報_統計20260601-20260731_產出20260707_152911.png","20260601","20260731","20260707_152911","737569","成功",""
"2026-09-04 11:03:18","店家訂單數日報","歸檔","\\ycpl-server\a02_電商部\03_平台管理\Online_Platform_Data\01_Shopee\04_Report_Output\png\店家訂單數日報_統計20260601-20260731_產出20260707_155040.png","\\ycpl-server\a02_電商部\03_平台管理\Online_Platform_Data\01_Shopee\04_Report_Output\png\01_LINE已發歸檔\2026年07月\店家訂單數日報_統計20260601-20260731_產出20260707_155040.png","20260601","20260731","20260707_155040","737252","成功",""
"2026-09-04 11:03:18","店家訂單數日報","歸檔","\\ycpl-server\a02_電商部\03_平台管理\Online_Platform_Data\01_Shopee\04_Report_Output\png\店家訂單數日報_統計20260601-20260731_產出20260708_103717.png","\\ycpl-server\a02_電商部\03_平台管理\Online_Platform_Data\01_Shopee\04_Report_Output\png\01_LINE已發歸檔\2026年07月\店家訂單數日報_統計20260601-20260731_產出20260708_103717.png","20260601","20260731","20260708_103717","741254","成功",""
"2026-09-04 11:03:18","店家訂單數日報","歸檔","\\ycpl-server\a02_電商部\03_平台管理\Online_Platform_Data\01_Shopee\04_Report_Output\png\店家訂單數日報_統計20260701-20260731_產出20260708_103908.png","\\ycpl-server\a02_電商部\03_平台管理\Online_Platform_Data\01_Shopee\04_Report_Output\png\01_LINE已發歸檔\2026年07月\店家訂單數日報_統計20260701-20260731_產出20260708_103908.png","20260701","20260731","20260708_103908","384596","成功",""
"2026-09-04 11:03:18","店家訂單數日報","歸檔","\\ycpl-server\a02_電商部\03_平台管理\Online_Platform_Data\01_Shopee\04_Report_Output\png\店家訂單數日報_統計20260701-20260731_產出20260708_105316.png","\\ycpl-server\a02_電商部\03_平台管理\Online_Platform_Data\01_Shopee\04_Report_Output\png\01_LINE已發歸檔\2026年07月\店家訂單數日報_統計20260701-20260731_產出20260708_105316.png","20260701","20260731","20260708_105316","384539","成功",""
"2026-09-04 11:03:18","店家訂單數日報","歸檔","\\ycpl-server\a02_電商部\03_平台管理\Online_Platform_Data\01_Shopee\04_Report_Output\png\店家訂單數日報_統計20260701-20260731_產出20260708_152836.png","\\ycpl-server\a02_電商部\03_平台管理\Online_Platform_Data\01_Shopee\04_Report_Output\png\01_LINE已發歸檔\2026年07月\店家訂單數日報_統計20260701-20260731_產出20260708_152836.png","20260701","20260731","20260708_152836","384274","成功",""
"2026-09-04 11:03:18","店家訂單數日報","歸檔","\\ycpl-server\a02_電商部\03_平台管理\Online_Platform_Data\01_Shopee\04_Report_Output\png\店家訂單數日報_統計20260701-20260731_產出20260708_162957.png","\\ycpl-server\a02_電商部\03_平台管理\Online_Platform_Data\01_Shopee\04_Report_Output\png\01_LINE已發歸檔\2026年07月\店家訂單數日報_統計20260701-20260731_產出20260708_162957.png","20260701","20260731","20260708_162957","384417","成功",""
"2026-09-04 11:03:18","店家訂單數日報","歸檔","\\ycpl-server\a02_電商部\03_平台管理\Online_Platform_Data\01_Shopee\04_Report_Output\png\店家訂單數日報_統計20260701-20260731_產出20260708_171108.png","\\ycpl-server\a02_電商部\03_平台管理\Online_Platform_Data\01_Shopee\04_Report_Output\png\01_LINE已發歸檔\2026年07月\店家訂單數日報_統計20260701-20260731_產出20260708_171108.png","20260701","20260731","20260708_171108","384242","成功",""
"2026-09-04 11:03:18","店家訂單數日報","歸檔","\\ycpl-server\a02_電商部\03_平台管理\Online_Platform_Data\01_Shopee\04_Report_Output\png\店家訂單數日報_統計20260701-20260731_產出20260709_103245.png","\\ycpl-server\a02_電商部\03_平台管理\Online_Platform_Data\01_Shopee\04_Report_Output\png\01_LINE已發歸檔\2026年07月\店家訂單數日報_統計20260701-20260731_產出20260709_103245.png","20260701","20260731","20260709_103245","387906","成功",""
"2026-09-04 11:03:18","店家訂單數日報","歸檔","\\ycpl-server\a02_電商部\03_平台管理\Online_Platform_Data\01_Shopee\04_Report_Output\png\店家訂單數日報_統計20260701-20260731_產出20260709_104052.png","\\ycpl-server\a02_電商部\03_平台管理\Online_Platform_Data\01_Shopee\04_Report_Output\png\01_LINE已發歸檔\2026年07月\店家訂單數日報_統計20260701-20260731_產出20260709_104052.png","20260701","20260731","20260709_104052","388188","成功",""
"2026-09-04 11:03:18","店家訂單數日報","歸檔","\\ycpl-server\a02_電商部\03_平台管理\Online_Platform_Data\01_Shopee\04_Report_Output\png\店家訂單數日報_統計20260701-20260731_產出20260709_155039.png","\\ycpl-server\a02_電商部\03_平台管理\Online_Platform_Data\01_Shopee\04_Report_Output\png\01_LINE已發歸檔\2026年07月\店家訂單數日報_統計20260701-20260731_產出20260709_155039.png","20260701","20260731","20260709_155039","388169","成功",""
"2026-09-04 11:03:18","店家訂單數日報","歸檔","\\ycpl-server\a02_電商部\03_平台管理\Online_Platform_Data\01_Shopee\04_Report_Output\png\店家訂單數日報_統計20260701-20260731_產出20260709_162850.png","\\ycpl-server\a02_電商部\03_平台管理\Online_Platform_Data\01_Shopee\04_Report_Output\png\01_LINE已發歸檔\2026年07月\店家訂單數日報_統計20260701-20260731_產出20260709_162850.png","20260701","20260731","20260709_162850","388707","成功",""
"2026-09-04 11:03:18","店家訂單數日報","歸檔","\\ycpl-server\a02_電商部\03_平台管理\Online_Platform_Data\01_Shopee\04_Report_Output\png\店家訂單數日報_統計20260701-20260731_產出20260709_164000.png","\\ycpl-server\a02_電商部\03_平台管理\Online_Platform_Data\01_Shopee\04_Report_Output\png\01_LINE已發歸檔\2026年07月\店家訂單數日報_統計20260701-20260731_產出20260709_164000.png","20260701","20260731","20260709_164000","387957","成功",""
"2026-09-04 11:03:18","店家訂單數日報","歸檔","\\ycpl-server\a02_電商部\03_平台管理\Online_Platform_Data\01_Shopee\04_Report_Output\png\店家訂單數日報_統計20260701-20260731_產出20260713_103038.png","\\ycpl-server\a02_電商部\03_平台管理\Online_Platform_Data\01_Shopee\04_Report_Output\png\01_LINE已發歸檔\2026年07月\店家訂單數日報_統計20260701-20260731_產出20260713_103038.png","20260701","20260731","20260713_103038","405948","成功",""
"2026-09-04 11:03:18","店家訂單數日報","歸檔","\\ycpl-server\a02_電商部\03_平台管理\Online_Platform_Data\01_Shopee\04_Report_Output\png\店家訂單數日報_統計20260701-20260731_產出20260713_150651.png","\\ycpl-server\a02_電商部\03_平台管理\Online_Platform_Data\01_Shopee\04_Report_Output\png\01_LINE已發歸檔\2026年07月\店家訂單數日報_統計20260701-20260731_產出20260713_150651.png","20260701","20260731","20260713_150651","405260","成功",""
"2026-09-04 11:03:18","店家訂單數日報","歸檔","\\ycpl-server\a02_電商部\03_平台管理\Online_Platform_Data\01_Shopee\04_Report_Output\png\店家訂單數日報_統計20260701-20260731_產出20260713_163859.png","\\ycpl-server\a02_電商部\03_平台管理\Online_Platform_Data\01_Shopee\04_Report_Output\png\01_LINE已發歸檔\2026年07月\店家訂單數日報_統計20260701-20260731_產出20260713_163859.png","20260701","20260731","20260713_163859","404958","成功",""
"2026-09-04 11:03:18","店家訂單數日報","歸檔","\\ycpl-server\a02_電商部\03_平台管理\Online_Platform_Data\01_Shopee\04_Report_Output\png\店家訂單數日報_統計20260701-20260731_產出20260714_103340.png","\\ycpl-server\a02_電商部\03_平台管理\Online_Platform_Data\01_Shopee\04_Report_Output\png\01_LINE已發歸檔\2026年07月\店家訂單數日報_統計20260701-20260731_產出20260714_103340.png","20260701","20260731","20260714_103340","410322","成功",""
"2026-09-04 11:03:18","店家訂單數日報","歸檔","\\ycpl-server\a02_電商部\03_平台管理\Online_Platform_Data\01_Shopee\04_Report_Output\png\店家訂單數日報_統計20260701-20260731_產出20260714_104312.png","\\ycpl-server\a02_電商部\03_平台管理\Online_Platform_Data\01_Shopee\04_Report_Output\png\01_LINE已發歸檔\2026年07月\店家訂單數日報_統計20260701-20260731_產出20260714_104312.png","20260701","20260731","20260714_104312","409550","成功",""
"2026-09-04 11:03:18","店家訂單數日報","歸檔","\\ycpl-server\a02_電商部\03_平台管理\Online_Platform_Data\01_Shopee\04_Report_Output\png\店家訂單數日報_統計20260701-20260731_產出20260714_110926.png","\\ycpl-server\a02_電商部\03_平台管理\Online_Platform_Data\01_Shopee\04_Report_Output\png\01_LINE已發歸檔\2026年07月\店家訂單數日報_統計20260701-20260731_產出20260714_110926.png","20260701","20260731","20260714_110926","409455","成功",""
"2026-09-04 11:03:18","店家訂單數日報","歸檔","\\ycpl-server\a02_電商部\03_平台管理\Online_Platform_Data\01_Shopee\04_Report_Output\png\店家訂單數日報_統計20260701-20260731_產出20260714_154620.png","\\ycpl-server\a02_電商部\03_平台管理\Online_Platform_Data\01_Shopee\04_Report_Output\png\01_LINE已發歸檔\2026年07月\店家訂單數日報_統計20260701-20260731_產出20260714_154620.png","20260701","20260731","20260714_154620","409800","成功",""
"2026-09-04 11:03:18","店家訂單數日報","歸檔","\\ycpl-server\a02_電商部\03_平台管理\Online_Platform_Data\01_Shopee\04_Report_Output\png\店家訂單數日報_統計20260701-20260731_產出20260714_160050.png","\\ycpl-server\a02_電商部\03_平台管理\Online_Platform_Data\01_Shopee\04_Report_Output\png\01_LINE已發歸檔\2026年07月\店家訂單數日報_統計20260701-20260731_產出20260714_160050.png","20260701","20260731","20260714_160050","409841","成功",""
"2026-09-04 11:03:18","店家訂單數日報","歸檔","\\ycpl-server\a02_電商部\03_平台管理\Online_Platform_Data\01_Shopee\04_Report_Output\png\店家訂單數日報_統計20260701-20260731_產出20260715_100503.png","\\ycpl-server\a02_電商部\03_平台管理\Online_Platform_Data\01_Shopee\04_Report_Output\png\01_LINE已發歸檔\2026年07月\店家訂單數日報_統計20260701-20260731_產出20260715_100503.png","20260701","20260731","20260715_100503","414390","成功",""
"2026-09-04 11:03:18","店家訂單數日報","歸檔","\\ycpl-server\a02_電商部\03_平台管理\Online_Platform_Data\01_Shopee\04_Report_Output\png\店家訂單數日報_統計20260701-20260731_產出20260715_103339.png","\\ycpl-server\a02_電商部\03_平台管理\Online_Platform_Data\01_Shopee\04_Report_Output\png\01_LINE已發歸檔\2026年07月\店家訂單數日報_統計20260701-20260731_產出20260715_103339.png","20260701","20260731","20260715_103339","415332","成功",""
"2026-09-04 11:03:18","店家訂單數日報","歸檔","\\ycpl-server\a02_電商部\03_平台管理\Online_Platform_Data\01_Shopee\04_Report_Output\png\店家訂單數日報_統計20260701-20260731_產出20260715_104359.png","\\ycpl-server\a02_電商部\03_平台管理\Online_Platform_Data\01_Shopee\04_Report_Output\png\01_LINE已發歸檔\2026年07月\店家訂單數日報_統計20260701-20260731_產出20260715_104359.png","20260701","20260731","20260715_104359","414754","成功",""
"2026-09-04 11:03:18","店家訂單數日報","歸檔","\\ycpl-server\a02_電商部\03_平台管理\Online_Platform_Data\01_Shopee\04_Report_Output\png\店家訂單數日報_統計20260701-20260731_產出20260715_110339.png","\\ycpl-server\a02_電商部\03_平台管理\Online_Platform_Data\01_Shopee\04_Report_Output\png\01_LINE已發歸檔\2026年07月\店家訂單數日報_統計20260701-20260731_產出20260715_110339.png","20260701","20260731","20260715_110339","414423","成功",""
"2026-09-04 11:03:18","店家訂單數日報","歸檔","\\ycpl-server\a02_電商部\03_平台管理\Online_Platform_Data\01_Shopee\04_Report_Output\png\店家訂單數日報_統計20260701-20260731_產出20260715_113337.png","\\ycpl-server\a02_電商部\03_平台管理\Online_Platform_Data\01_Shopee\04_Report_Output\png\01_LINE已發歸檔\2026年07月\店家訂單數日報_統計20260701-20260731_產出20260715_113337.png","20260701","20260731","20260715_113337","414465","成功",""
"2026-09-04 11:03:18","店家訂單數日報","歸檔","\\ycpl-server\a02_電商部\03_平台管理\Online_Platform_Data\01_Shopee\04_Report_Output\png\店家訂單數日報_統計20260701-20260731_產出20260715_150432.png","\\ycpl-server\a02_電商部\03_平台管理\Online_Platform_Data\01_Shopee\04_Report_Output\png\01_LINE已發歸檔\2026年07月\店家訂單數日報_統計20260701-20260731_產出20260715_150432.png","20260701","20260731","20260715_150432","414482","成功",""
"2026-09-04 11:03:18","店家訂單數日報","歸檔","\\ycpl-server\a02_電商部\03_平台管理\Online_Platform_Data\01_Shopee\04_Report_Output\png\店家訂單數日報_統計20260701-20260731_產出20260715_153448.png","\\ycpl-server\a02_電商部\03_平台管理\Online_Platform_Data\01_Shopee\04_Report_Output\png\01_LINE已發歸檔\2026年07月\店家訂單數日報_統計20260701-20260731_產出20260715_153448.png","20260701","20260731","20260715_153448","414772","成功",""
"2026-09-04 11:03:18","店家訂單數日報","歸檔","\\ycpl-server\a02_電商部\03_平台管理\Online_Platform_Data\01_Shopee\04_Report_Output\png\店家訂單數日報_統計20260701-20260731_產出20260715_160324.png","\\ycpl-server\a02_電商部\03_平台管理\Online_Platform_Data\01_Shopee\04_Report_Output\png\01_LINE已發歸檔\2026年07月\店家訂單數日報_統計20260701-20260731_產出20260715_160324.png","20260701","20260731","20260715_160324","414755","成功",""
"2026-09-04 11:03:18","店家訂單數日報","歸檔","\\ycpl-server\a02_電商部\03_平台管理\Online_Platform_Data\01_Shopee\04_Report_Output\png\店家訂單數日報_統計20260701-20260731_產出20260715_163313.png","\\ycpl-server\a02_電商部\03_平台管理\Online_Platform_Data\01_Shopee\04_Report_Output\png\01_LINE已發歸檔\2026年07月\店家訂單數日報_統計20260701-20260731_產出20260715_163313.png","20260701","20260731","20260715_163313","414562","成功",""
"2026-09-04 11:03:18","店家訂單數日報","歸檔","\\ycpl-server\a02_電商部\03_平台管理\Online_Platform_Data\01_Shopee\04_Report_Output\png\店家訂單數日報_統計20260701-20260731_產出20260715_170320.png","\\ycpl-server\a02_電商部\03_平台管理\Online_Platform_Data\01_Shopee\04_Report_Output\png\01_LINE已發歸檔\2026年07月\店家訂單數日報_統計20260701-20260731_產出20260715_170320.png","20260701","20260731","20260715_170320","414482","成功",""
"2026-09-04 11:03:18","店家訂單數日報","歸檔","\\ycpl-server\a02_電商部\03_平台管理\Online_Platform_Data\01_Shopee\04_Report_Output\png\店家訂單數日報_統計20260701-20260731_產出20260715_180320.png","\\ycpl-server\a02_電商部\03_平台管理\Online_Platform_Data\01_Shopee\04_Report_Output\png\01_LINE已發歸檔\2026年07月\店家訂單數日報_統計20260701-20260731_產出20260715_180320.png","20260701","20260731","20260715_180320","415292","成功",""
"2026-09-04 11:03:18","店家訂單數日報","歸檔","\\ycpl-server\a02_電商部\03_平台管理\Online_Platform_Data\01_Shopee\04_Report_Output\png\店家訂單數日報_統計20260701-20260731_產出20260716_100514.png","\\ycpl-server\a02_電商部\03_平台管理\Online_Platform_Data\01_Shopee\04_Report_Output\png\01_LINE已發歸檔\2026年07月\店家訂單數日報_統計20260701-20260731_產出20260716_100514.png","20260701","20260731","20260716_100514","417480","成功",""
"2026-09-04 11:03:18","店家訂單數日報","歸檔","\\ycpl-server\a02_電商部\03_平台管理\Online_Platform_Data\01_Shopee\04_Report_Output\png\店家訂單數日報_統計20260701-20260731_產出20260716_103339.png","\\ycpl-server\a02_電商部\03_平台管理\Online_Platform_Data\01_Shopee\04_Report_Output\png\01_LINE已發歸檔\2026年07月\店家訂單數日報_統計20260701-20260731_產出20260716_103339.png","20260701","20260731","20260716_103339","417274","成功",""
"2026-09-04 11:03:18","店家訂單數日報","歸檔","\\ycpl-server\a02_電商部\03_平台管理\Online_Platform_Data\01_Shopee\04_Report_Output\png\店家訂單數日報_統計20260701-20260731_產出20260716_104031.png","\\ycpl-server\a02_電商部\03_平台管理\Online_Platform_Data\01_Shopee\04_Report_Output\png\01_LINE已發歸檔\2026年07月\店家訂單數日報_統計20260701-20260731_產出20260716_104031.png","20260701","20260731","20260716_104031","417292","成功",""
"2026-09-04 11:03:18","店家訂單數日報","歸檔","\\ycpl-server\a02_電商部\03_平台管理\Online_Platform_Data\01_Shopee\04_Report_Output\png\店家訂單數日報_統計20260701-20260731_產出20260716_110341.png","\\ycpl-server\a02_電商部\03_平台管理\Online_Platform_Data\01_Shopee\04_Report_Output\png\01_LINE已發歸檔\2026年07月\店家訂單數日報_統計20260701-20260731_產出20260716_110341.png","20260701","20260731","20260716_110341","417214","成功",""
"2026-09-04 11:03:18","店家訂單數日報","歸檔","\\ycpl-server\a02_電商部\03_平台管理\Online_Platform_Data\01_Shopee\04_Report_Output\png\店家訂單數日報_統計20260701-20260731_產出20260716_113339.png","\\ycpl-server\a02_電商部\03_平台管理\Online_Platform_Data\01_Shopee\04_Report_Output\png\01_LINE已發歸檔\2026年07月\店家訂單數日報_統計20260701-20260731_產出20260716_113339.png","20260701","20260731","20260716_113339","418046","成功",""
"2026-09-04 11:03:18","店家訂單數日報","歸檔","\\ycpl-server\a02_電商部\03_平台管理\Online_Platform_Data\01_Shopee\04_Report_Output\png\店家訂單數日報_統計20260701-20260731_產出20260716_150416.png","\\ycpl-server\a02_電商部\03_平台管理\Online_Platform_Data\01_Shopee\04_Report_Output\png\01_LINE已發歸檔\2026年07月\店家訂單數日報_統計20260701-20260731_產出20260716_150416.png","20260701","20260731","20260716_150416","417587","成功",""
"2026-09-04 11:03:18","店家訂單數日報","歸檔","\\ycpl-server\a02_電商部\03_平台管理\Online_Platform_Data\01_Shopee\04_Report_Output\png\店家訂單數日報_統計20260701-20260731_產出20260716_153315.png","\\ycpl-server\a02_電商部\03_平台管理\Online_Platform_Data\01_Shopee\04_Report_Output\png\01_LINE已發歸檔\2026年07月\店家訂單數日報_統計20260701-20260731_產出20260716_153315.png","20260701","20260731","20260716_153315","417617","成功",""
"2026-09-04 11:03:18","店家訂單數日報","歸檔","\\ycpl-server\a02_電商部\03_平台管理\Online_Platform_Data\01_Shopee\04_Report_Output\png\店家訂單數日報_統計20260701-20260731_產出20260716_160327.png","\\ycpl-server\a02_電商部\03_平台管理\Online_Platform_Data\01_Shopee\04_Report_Output\png\01_LINE已發歸檔\2026年07月\店家訂單數日報_統計20260701-20260731_產出20260716_160327.png","20260701","20260731","20260716_160327","417242","成功",""
"2026-09-04 11:03:18","店家訂單數日報","歸檔","\\ycpl-server\a02_電商部\03_平台管理\Online_Platform_Data\01_Shopee\04_Report_Output\png\店家訂單數日報_統計20260701-20260731_產出20260716_163322.png","\\ycpl-server\a02_電商部\03_平台管理\Online_Platform_Data\01_Shopee\04_Report_Output\png\01_LINE已發歸檔\2026年07月\店家訂單數日報_統計20260701-20260731_產出20260716_163322.png","20260701","20260731","20260716_163322","417288","成功",""
"2026-09-04 11:03:18","店家訂單數日報","歸檔","\\ycpl-server\a02_電商部\03_平台管理\Online_Platform_Data\01_Shopee\04_Report_Output\png\店家訂單數日報_統計20260701-20260731_產出20260716_170325.png","\\ycpl-server\a02_電商部\03_平台管理\Online_Platform_Data\01_Shopee\04_Report_Output\png\01_LINE已發歸檔\2026年07月\店家訂單數日報_統計20260701-20260731_產出20260716_170325.png","20260701","20260731","20260716_170325","417608","成功",""
"2026-09-04 11:03:18","店家訂單數日報","歸檔","\\ycpl-server\a02_電商部\03_平台管理\Online_Platform_Data\01_Shopee\04_Report_Output\png\店家訂單數日報_統計20260701-20260731_產出20260716_180321.png","\\ycpl-server\a02_電商部\03_平台管理\Online_Platform_Data\01_Shopee\04_Report_Output\png\01_LINE已發歸檔\2026年07月\店家訂單數日報_統計20260701-20260731_產出20260716_180321.png","20260701","20260731","20260716_180321","418079","成功",""
"2026-09-04 11:03:18","店家訂單數日報","歸檔","\\ycpl-server\a02_電商部\03_平台管理\Online_Platform_Data\01_Shopee\04_Report_Output\png\店家訂單數日報_統計20260701-20260731_產出20260717_103118.png","\\ycpl-server\a02_電商部\03_平台管理\Online_Platform_Data\01_Shopee\04_Report_Output\png\01_LINE已發歸檔\2026年07月\店家訂單數日報_統計20260701-20260731_產出20260717_103118.png","20260701","20260731","20260717_103118","421611","成功",""
"2026-09-04 11:03:18","店家訂單數日報","歸檔","\\ycpl-server\a02_電商部\03_平台管理\Online_Platform_Data\01_Shopee\04_Report_Output\png\店家訂單數日報_統計20260701-20260731_產出20260717_110537.png","\\ycpl-server\a02_電商部\03_平台管理\Online_Platform_Data\01_Shopee\04_Report_Output\png\01_LINE已發歸檔\2026年07月\店家訂單數日報_統計20260701-20260731_產出20260717_110537.png","20260701","20260731","20260717_110537","421428","成功",""
"2026-09-04 11:03:18","店家訂單數日報","歸檔","\\ycpl-server\a02_電商部\03_平台管理\Online_Platform_Data\01_Shopee\04_Report_Output\png\店家訂單數日報_統計20260701-20260731_產出20260717_115103.png","\\ycpl-server\a02_電商部\03_平台管理\Online_Platform_Data\01_Shopee\04_Report_Output\png\01_LINE已發歸檔\2026年07月\店家訂單數日報_統計20260701-20260731_產出20260717_115103.png","20260701","20260731","20260717_115103","421541","成功",""
"2026-09-04 11:03:18","店家訂單數日報","歸檔","\\ycpl-server\a02_電商部\03_平台管理\Online_Platform_Data\01_Shopee\04_Report_Output\png\店家訂單數日報_統計20260701-20260731_產出20260717_154314.png","\\ycpl-server\a02_電商部\03_平台管理\Online_Platform_Data\01_Shopee\04_Report_Output\png\01_LINE已發歸檔\2026年07月\店家訂單數日報_統計20260701-20260731_產出20260717_154314.png","20260701","20260731","20260717_154314","421917","成功",""
"2026-09-04 11:03:18","店家訂單數日報","歸檔","\\ycpl-server\a02_電商部\03_平台管理\Online_Platform_Data\01_Shopee\04_Report_Output\png\店家訂單數日報_統計20260701-20260731_產出20260717_170520.png","\\ycpl-server\a02_電商部\03_平台管理\Online_Platform_Data\01_Shopee\04_Report_Output\png\01_LINE已發歸檔\2026年07月\店家訂單數日報_統計20260701-20260731_產出20260717_170520.png","20260701","20260731","20260717_170520","422733","成功",""
"2026-09-04 11:03:18","店家訂單數日報","歸檔","\\ycpl-server\a02_電商部\03_平台管理\Online_Platform_Data\01_Shopee\04_Report_Output\png\店家訂單數日報_統計20260701-20260731_產出20260720_102134.png","\\ycpl-server\a02_電商部\03_平台管理\Online_Platform_Data\01_Shopee\04_Report_Output\png\01_LINE已發歸檔\2026年07月\店家訂單數日報_統計20260701-20260731_產出20260720_102134.png","20260701","20260731","20260720_102134","434852","成功",""
"2026-09-04 11:03:18","店家訂單數日報","歸檔","\\ycpl-server\a02_電商部\03_平台管理\Online_Platform_Data\01_Shopee\04_Report_Output\png\店家訂單數日報_統計20260701-20260731_產出20260720_103602.png","\\ycpl-server\a02_電商部\03_平台管理\Online_Platform_Data\01_Shopee\04_Report_Output\png\01_LINE已發歸檔\2026年07月\店家訂單數日報_統計20260701-20260731_產出20260720_103602.png","20260701","20260731","20260720_103602","435240","成功",""
"2026-09-04 11:03:18","店家訂單數日報","歸檔","\\ycpl-server\a02_電商部\03_平台管理\Online_Platform_Data\01_Shopee\04_Report_Output\png\店家訂單數日報_統計20260701-20260731_產出20260720_104051.png","\\ycpl-server\a02_電商部\03_平台管理\Online_Platform_Data\01_Shopee\04_Report_Output\png\01_LINE已發歸檔\2026年07月\店家訂單數日報_統計20260701-20260731_產出20260720_104051.png","20260701","20260731","20260720_104051","436011","成功",""
"2026-09-04 11:03:18","店家訂單數日報","歸檔","\\ycpl-server\a02_電商部\03_平台管理\Online_Platform_Data\01_Shopee\04_Report_Output\png\店家訂單數日報_統計20260701-20260731_產出20260720_110036.png","\\ycpl-server\a02_電商部\03_平台管理\Online_Platform_Data\01_Shopee\04_Report_Output\png\01_LINE已發歸檔\2026年07月\店家訂單數日報_統計20260701-20260731_產出20260720_110036.png","20260701","20260731","20260720_110036","436121","成功",""
"2026-09-04 11:03:18","店家訂單數日報","歸檔","\\ycpl-server\a02_電商部\03_平台管理\Online_Platform_Data\01_Shopee\04_Report_Output\png\店家訂單數日報_統計20260701-20260731_產出20260720_110519.png","\\ycpl-server\a02_電商部\03_平台管理\Online_Platform_Data\01_Shopee\04_Report_Output\png\01_LINE已發歸檔\2026年07月\店家訂單數日報_統計20260701-20260731_產出20260720_110519.png","20260701","20260731","20260720_110519","435099","成功",""
"2026-09-04 11:03:18","店家訂單數日報","歸檔","\\ycpl-server\a02_電商部\03_平台管理\Online_Platform_Data\01_Shopee\04_Report_Output\png\店家訂單數日報_統計20260701-20260731_產出20260720_152518.png","\\ycpl-server\a02_電商部\03_平台管理\Online_Platform_Data\01_Shopee\04_Report_Output\png\01_LINE已發歸檔\2026年07月\店家訂單數日報_統計20260701-20260731_產出20260720_152518.png","20260701","20260731","20260720_152518","436133","成功",""
"2026-09-04 11:03:18","店家訂單數日報","歸檔","\\ycpl-server\a02_電商部\03_平台管理\Online_Platform_Data\01_Shopee\04_Report_Output\png\店家訂單數日報_統計20260701-20260731_產出20260721_105054.png","\\ycpl-server\a02_電商部\03_平台管理\Online_Platform_Data\01_Shopee\04_Report_Output\png\01_LINE已發歸檔\2026年07月\店家訂單數日報_統計20260701-20260731_產出20260721_105054.png","20260701","20260731","20260721_105054","437765","成功",""
"2026-09-04 11:03:18","店家訂單數日報","歸檔","\\ycpl-server\a02_電商部\03_平台管理\Online_Platform_Data\01_Shopee\04_Report_Output\png\店家訂單數日報_統計20260701-20260731_產出20260721_150443.png","\\ycpl-server\a02_電商部\03_平台管理\Online_Platform_Data\01_Shopee\04_Report_Output\png\01_LINE已發歸檔\2026年07月\店家訂單數日報_統計20260701-20260731_產出20260721_150443.png","20260701","20260731","20260721_150443","437815","成功",""
"2026-09-04 11:03:18","店家訂單數日報","歸檔","\\ycpl-server\a02_電商部\03_平台管理\Online_Platform_Data\01_Shopee\04_Report_Output\png\店家訂單數日報_統計20260701-20260731_產出20260721_153326.png","\\ycpl-server\a02_電商部\03_平台管理\Online_Platform_Data\01_Shopee\04_Report_Output\png\01_LINE已發歸檔\2026年07月\店家訂單數日報_統計20260701-20260731_產出20260721_153326.png","20260701","20260731","20260721_153326","437821","成功",""
"2026-09-04 11:03:18","店家訂單數日報","歸檔","\\ycpl-server\a02_電商部\03_平台管理\Online_Platform_Data\01_Shopee\04_Report_Output\png\店家訂單數日報_統計20260701-20260731_產出20260721_160325.png","\\ycpl-server\a02_電商部\03_平台管理\Online_Platform_Data\01_Shopee\04_Report_Output\png\01_LINE已發歸檔\2026年07月\店家訂單數日報_統計20260701-20260731_產出20260721_160325.png","20260701","20260731","20260721_160325","437712","成功",""
"2026-09-04 11:03:18","店家訂單數日報","歸檔","\\ycpl-server\a02_電商部\03_平台管理\Online_Platform_Data\01_Shopee\04_Report_Output\png\店家訂單數日報_統計20260701-20260731_產出20260721_163325.png","\\ycpl-server\a02_電商部\03_平台管理\Online_Platform_Data\01_Shopee\04_Report_Output\png\01_LINE已發歸檔\2026年07月\店家訂單數日報_統計20260701-20260731_產出20260721_163325.png","20260701","20260731","20260721_163325","437562","成功",""
"2026-09-04 11:03:18","店家訂單數日報","歸檔","\\ycpl-server\a02_電商部\03_平台管理\Online_Platform_Data\01_Shopee\04_Report_Output\png\店家訂單數日報_統計20260701-20260731_產出20260721_170328.png","\\ycpl-server\a02_電商部\03_平台管理\Online_Platform_Data\01_Shopee\04_Report_Output\png\01_LINE已發歸檔\2026年07月\店家訂單數日報_統計20260701-20260731_產出20260721_170328.png","20260701","20260731","20260721_170328","437476","成功",""
"2026-09-04 11:03:18","店家訂單數日報","歸檔","\\ycpl-server\a02_電商部\03_平台管理\Online_Platform_Data\01_Shopee\04_Report_Output\png\店家訂單數日報_統計20260701-20260731_產出20260721_180326.png","\\ycpl-server\a02_電商部\03_平台管理\Online_Platform_Data\01_Shopee\04_Report_Output\png\01_LINE已發歸檔\2026年07月\店家訂單數日報_統計20260701-20260731_產出20260721_180326.png","20260701","20260731","20260721_180326","438611","成功",""
"2026-09-04 11:03:18","店家訂單數日報","歸檔","\\ycpl-server\a02_電商部\03_平台管理\Online_Platform_Data\01_Shopee\04_Report_Output\png\店家訂單數日報_統計20260701-20260731_產出20260722_100513.png","\\ycpl-server\a02_電商部\03_平台管理\Online_Platform_Data\01_Shopee\04_Report_Output\png\01_LINE已發歸檔\2026年07月\店家訂單數日報_統計20260701-20260731_產出20260722_100513.png","20260701","20260731","20260722_100513","442107","成功",""
"2026-09-04 11:03:18","店家訂單數日報","歸檔","\\ycpl-server\a02_電商部\03_平台管理\Online_Platform_Data\01_Shopee\04_Report_Output\png\店家訂單數日報_統計20260701-20260731_產出20260722_103333.png","\\ycpl-server\a02_電商部\03_平台管理\Online_Platform_Data\01_Shopee\04_Report_Output\png\01_LINE已發歸檔\2026年07月\店家訂單數日報_統計20260701-20260731_產出20260722_103333.png","20260701","20260731","20260722_103333","440977","成功",""
"2026-09-04 11:03:18","店家訂單數日報","歸檔","\\ycpl-server\a02_電商部\03_平台管理\Online_Platform_Data\01_Shopee\04_Report_Output\png\店家訂單數日報_統計20260701-20260731_產出20260722_103907.png","\\ycpl-server\a02_電商部\03_平台管理\Online_Platform_Data\01_Shopee\04_Report_Output\png\01_LINE已發歸檔\2026年07月\店家訂單數日報_統計20260701-20260731_產出20260722_103907.png","20260701","20260731","20260722_103907","441332","成功",""
"2026-09-04 11:03:18","店家訂單數日報","歸檔","\\ycpl-server\a02_電商部\03_平台管理\Online_Platform_Data\01_Shopee\04_Report_Output\png\店家訂單數日報_統計20260701-20260731_產出20260722_104515.png","\\ycpl-server\a02_電商部\03_平台管理\Online_Platform_Data\01_Shopee\04_Report_Output\png\01_LINE已發歸檔\2026年07月\店家訂單數日報_統計20260701-20260731_產出20260722_104515.png","20260701","20260731","20260722_104515","442614","成功",""
"2026-09-04 11:03:18","店家訂單數日報","歸檔","\\ycpl-server\a02_電商部\03_平台管理\Online_Platform_Data\01_Shopee\04_Report_Output\png\店家訂單數日報_統計20260701-20260731_產出20260722_110323.png","\\ycpl-server\a02_電商部\03_平台管理\Online_Platform_Data\01_Shopee\04_Report_Output\png\01_LINE已發歸檔\2026年07月\店家訂單數日報_統計20260701-20260731_產出20260722_110323.png","20260701","20260731","20260722_110323","441105","成功",""
"2026-09-04 11:03:19","店家訂單數日報","歸檔","\\ycpl-server\a02_電商部\03_平台管理\Online_Platform_Data\01_Shopee\04_Report_Output\png\店家訂單數日報_統計20260701-20260731_產出20260722_113323.png","\\ycpl-server\a02_電商部\03_平台管理\Online_Platform_Data\01_Shopee\04_Report_Output\png\01_LINE已發歸檔\2026年07月\店家訂單數日報_統計20260701-20260731_產出20260722_113323.png","20260701","20260731","20260722_113323","441105","成功",""
"2026-09-04 11:03:19","店家訂單數日報","歸檔","\\ycpl-server\a02_電商部\03_平台管理\Online_Platform_Data\01_Shopee\04_Report_Output\png\店家訂單數日報_統計20260701-20260731_產出20260722_150429.png","\\ycpl-server\a02_電商部\03_平台管理\Online_Platform_Data\01_Shopee\04_Report_Output\png\01_LINE已發歸檔\2026年07月\店家訂單數日報_統計20260701-20260731_產出20260722_150429.png","20260701","20260731","20260722_150429","441452","成功",""
"2026-09-04 11:03:19","店家訂單數日報","歸檔","\\ycpl-server\a02_電商部\03_平台管理\Online_Platform_Data\01_Shopee\04_Report_Output\png\店家訂單數日報_統計20260701-20260731_產出20260722_153334.png","\\ycpl-server\a02_電商部\03_平台管理\Online_Platform_Data\01_Shopee\04_Report_Output\png\01_LINE已發歸檔\2026年07月\店家訂單數日報_統計20260701-20260731_產出20260722_153334.png","20260701","20260731","20260722_153334","441510","成功",""
"2026-09-04 11:03:19","店家訂單數日報","歸檔","\\ycpl-server\a02_電商部\03_平台管理\Online_Platform_Data\01_Shopee\04_Report_Output\png\店家訂單數日報_統計20260701-20260731_產出20260722_160330.png","\\ycpl-server\a02_電商部\03_平台管理\Online_Platform_Data\01_Shopee\04_Report_Output\png\01_LINE已發歸檔\2026年07月\店家訂單數日報_統計20260701-20260731_產出20260722_160330.png","20260701","20260731","20260722_160330","441148","成功",""
"2026-09-04 11:03:19","店家訂單數日報","歸檔","\\ycpl-server\a02_電商部\03_平台管理\Online_Platform_Data\01_Shopee\04_Report_Output\png\店家訂單數日報_統計20260701-20260731_產出20260722_163324.png","\\ycpl-server\a02_電商部\03_平台管理\Online_Platform_Data\01_Shopee\04_Report_Output\png\01_LINE已發歸檔\2026年07月\店家訂單數日報_統計20260701-20260731_產出20260722_163324.png","20260701","20260731","20260722_163324","441267","成功",""
"2026-09-04 11:03:19","店家訂單數日報","歸檔","\\ycpl-server\a02_電商部\03_平台管理\Online_Platform_Data\01_Shopee\04_Report_Output\png\店家訂單數日報_統計20260701-20260731_產出20260722_170326.png","\\ycpl-server\a02_電商部\03_平台管理\Online_Platform_Data\01_Shopee\04_Report_Output\png\01_LINE已發歸檔\2026年07月\店家訂單數日報_統計20260701-20260731_產出20260722_170326.png","20260701","20260731","20260722_170326","441478","成功",""
"2026-09-04 11:03:19","店家訂單數日報","歸檔","\\ycpl-server\a02_電商部\03_平台管理\Online_Platform_Data\01_Shopee\04_Report_Output\png\店家訂單數日報_統計20260701-20260731_產出20260722_180330.png","\\ycpl-server\a02_電商部\03_平台管理\Online_Platform_Data\01_Shopee\04_Report_Output\png\01_LINE已發歸檔\2026年07月\店家訂單數日報_統計20260701-20260731_產出20260722_180330.png","20260701","20260731","20260722_180330","442011","成功",""
"2026-09-04 11:03:19","店家訂單數日報","歸檔","\\ycpl-server\a02_電商部\03_平台管理\Online_Platform_Data\01_Shopee\04_Report_Output\png\店家訂單數日報_統計20260701-20260731_產出20260723_100517.png","\\ycpl-server\a02_電商部\03_平台管理\Online_Platform_Data\01_Shopee\04_Report_Output\png\01_LINE已發歸檔\2026年07月\店家訂單數日報_統計20260701-20260731_產出20260723_100517.png","20260701","20260731","20260723_100517","446896","成功",""
"2026-09-04 11:03:19","店家訂單數日報","歸檔","\\ycpl-server\a02_電商部\03_平台管理\Online_Platform_Data\01_Shopee\04_Report_Output\png\店家訂單數日報_統計20260701-20260731_產出20260723_103353.png","\\ycpl-server\a02_電商部\03_平台管理\Online_Platform_Data\01_Shopee\04_Report_Output\png\01_LINE已發歸檔\2026年07月\店家訂單數日報_統計20260701-20260731_產出20260723_103353.png","20260701","20260731","20260723_103353","446617","成功",""
"2026-09-04 11:03:19","店家訂單數日報","歸檔","\\ycpl-server\a02_電商部\03_平台管理\Online_Platform_Data\01_Shopee\04_Report_Output\png\店家訂單數日報_統計20260701-20260731_產出20260723_110351.png","\\ycpl-server\a02_電商部\03_平台管理\Online_Platform_Data\01_Shopee\04_Report_Output\png\01_LINE已發歸檔\2026年07月\店家訂單數日報_統計20260701-20260731_產出20260723_110351.png","20260701","20260731","20260723_110351","446643","成功",""
"2026-09-04 11:03:19","店家訂單數日報","歸檔","\\ycpl-server\a02_電商部\03_平台管理\Online_Platform_Data\01_Shopee\04_Report_Output\png\店家訂單數日報_統計20260701-20260731_產出20260723_113346.png","\\ycpl-server\a02_電商部\03_平台管理\Online_Platform_Data\01_Shopee\04_Report_Output\png\01_LINE已發歸檔\2026年07月\店家訂單數日報_統計20260701-20260731_產出20260723_113346.png","20260701","20260731","20260723_113346","447010","成功",""
"2026-09-04 11:03:19","店家訂單數日報","歸檔","\\ycpl-server\a02_電商部\03_平台管理\Online_Platform_Data\01_Shopee\04_Report_Output\png\店家訂單數日報_統計20260701-20260731_產出20260723_150437.png","\\ycpl-server\a02_電商部\03_平台管理\Online_Platform_Data\01_Shopee\04_Report_Output\png\01_LINE已發歸檔\2026年07月\店家訂單數日報_統計20260701-20260731_產出20260723_150437.png","20260701","20260731","20260723_150437","446985","成功",""
"2026-09-04 11:03:19","店家訂單數日報","歸檔","\\ycpl-server\a02_電商部\03_平台管理\Online_Platform_Data\01_Shopee\04_Report_Output\png\店家訂單數日報_統計20260701-20260731_產出20260723_153328.png","\\ycpl-server\a02_電商部\03_平台管理\Online_Platform_Data\01_Shopee\04_Report_Output\png\01_LINE已發歸檔\2026年07月\店家訂單數日報_統計20260701-20260731_產出20260723_153328.png","20260701","20260731","20260723_153328","447078","成功",""
"2026-09-04 11:03:19","店家訂單數日報","歸檔","\\ycpl-server\a02_電商部\03_平台管理\Online_Platform_Data\01_Shopee\04_Report_Output\png\店家訂單數日報_統計20260701-20260731_產出20260723_160329.png","\\ycpl-server\a02_電商部\03_平台管理\Online_Platform_Data\01_Shopee\04_Report_Output\png\01_LINE已發歸檔\2026年07月\店家訂單數日報_統計20260701-20260731_產出20260723_160329.png","20260701","20260731","20260723_160329","447456","成功",""
"2026-09-04 11:03:19","店家訂單數日報","歸檔","\\ycpl-server\a02_電商部\03_平台管理\Online_Platform_Data\01_Shopee\04_Report_Output\png\店家訂單數日報_統計20260701-20260731_產出20260723_163324.png","\\ycpl-server\a02_電商部\03_平台管理\Online_Platform_Data\01_Shopee\04_Report_Output\png\01_LINE已發歸檔\2026年07月\店家訂單數日報_統計20260701-20260731_產出20260723_163324.png","20260701","20260731","20260723_163324","446731","成功",""
"2026-09-04 11:03:19","店家訂單數日報","歸檔","\\ycpl-server\a02_電商部\03_平台管理\Online_Platform_Data\01_Shopee\04_Report_Output\png\店家訂單數日報_統計20260701-20260731_產出20260723_170331.png","\\ycpl-server\a02_電商部\03_平台管理\Online_Platform_Data\01_Shopee\04_Report_Output\png\01_LINE已發歸檔\2026年07月\店家訂單數日報_統計20260701-20260731_產出20260723_170331.png","20260701","20260731","20260723_170331","446639","成功",""
"2026-09-04 11:03:19","店家訂單數日報","歸檔","\\ycpl-server\a02_電商部\03_平台管理\Online_Platform_Data\01_Shopee\04_Report_Output\png\店家訂單數日報_統計20260701-20260731_產出20260723_180327.png","\\ycpl-server\a02_電商部\03_平台管理\Online_Platform_Data\01_Shopee\04_Report_Output\png\01_LINE已發歸檔\2026年07月\店家訂單數日報_統計20260701-20260731_產出20260723_180327.png","20260701","20260731","20260723_180327","447537","成功",""
"2026-09-04 11:03:19","店家訂單數日報","歸檔","\\ycpl-server\a02_電商部\03_平台管理\Online_Platform_Data\01_Shopee\04_Report_Output\png\店家訂單數日報_統計20260701-20260731_產出20260724_100515.png","\\ycpl-server\a02_電商部\03_平台管理\Online_Platform_Data\01_Shopee\04_Report_Output\png\01_LINE已發歸檔\2026年07月\店家訂單數日報_統計20260701-20260731_產出20260724_100515.png","20260701","20260731","20260724_100515","451180","成功",""
"2026-09-04 11:03:19","店家訂單數日報","歸檔","\\ycpl-server\a02_電商部\03_平台管理\Online_Platform_Data\01_Shopee\04_Report_Output\png\店家訂單數日報_統計20260701-20260731_產出20260724_103614.png","\\ycpl-server\a02_電商部\03_平台管理\Online_Platform_Data\01_Shopee\04_Report_Output\png\01_LINE已發歸檔\2026年07月\店家訂單數日報_統計20260701-20260731_產出20260724_103614.png","20260701","20260731","20260724_103614","451665","成功",""
"2026-09-04 11:03:19","店家訂單數日報","歸檔","\\ycpl-server\a02_電商部\03_平台管理\Online_Platform_Data\01_Shopee\04_Report_Output\png\店家訂單數日報_統計20260701-20260731_產出20260724_110328.png","\\ycpl-server\a02_電商部\03_平台管理\Online_Platform_Data\01_Shopee\04_Report_Output\png\01_LINE已發歸檔\2026年07月\店家訂單數日報_統計20260701-20260731_產出20260724_110328.png","20260701","20260731","20260724_110328","451287","成功",""
"2026-09-04 11:03:19","店家訂單數日報","歸檔","\\ycpl-server\a02_電商部\03_平台管理\Online_Platform_Data\01_Shopee\04_Report_Output\png\店家訂單數日報_統計20260701-20260731_產出20260724_113334.png","\\ycpl-server\a02_電商部\03_平台管理\Online_Platform_Data\01_Shopee\04_Report_Output\png\01_LINE已發歸檔\2026年07月\店家訂單數日報_統計20260701-20260731_產出20260724_113334.png","20260701","20260731","20260724_113334","451233","成功",""
"2026-09-04 11:03:19","店家訂單數日報","歸檔","\\ycpl-server\a02_電商部\03_平台管理\Online_Platform_Data\01_Shopee\04_Report_Output\png\店家訂單數日報_統計20260701-20260731_產出20260724_150428.png","\\ycpl-server\a02_電商部\03_平台管理\Online_Platform_Data\01_Shopee\04_Report_Output\png\01_LINE已發歸檔\2026年07月\店家訂單數日報_統計20260701-20260731_產出20260724_150428.png","20260701","20260731","20260724_150428","452508","成功",""
"2026-09-04 11:03:19","店家訂單數日報","歸檔","\\ycpl-server\a02_電商部\03_平台管理\Online_Platform_Data\01_Shopee\04_Report_Output\png\店家訂單數日報_統計20260701-20260731_產出20260724_153328.png","\\ycpl-server\a02_電商部\03_平台管理\Online_Platform_Data\01_Shopee\04_Report_Output\png\01_LINE已發歸檔\2026年07月\店家訂單數日報_統計20260701-20260731_產出20260724_153328.png","20260701","20260731","20260724_153328","451709","成功",""
"2026-09-04 11:03:19","店家訂單數日報","歸檔","\\ycpl-server\a02_電商部\03_平台管理\Online_Platform_Data\01_Shopee\04_Report_Output\png\店家訂單數日報_統計20260701-20260731_產出20260724_160338.png","\\ycpl-server\a02_電商部\03_平台管理\Online_Platform_Data\01_Shopee\04_Report_Output\png\01_LINE已發歸檔\2026年07月\店家訂單數日報_統計20260701-20260731_產出20260724_160338.png","20260701","20260731","20260724_160338","451215","成功",""
"2026-09-04 11:03:19","店家訂單數日報","歸檔","\\ycpl-server\a02_電商部\03_平台管理\Online_Platform_Data\01_Shopee\04_Report_Output\png\店家訂單數日報_統計20260701-20260731_產出20260724_163335.png","\\ycpl-server\a02_電商部\03_平台管理\Online_Platform_Data\01_Shopee\04_Report_Output\png\01_LINE已發歸檔\2026年07月\店家訂單數日報_統計20260701-20260731_產出20260724_163335.png","20260701","20260731","20260724_163335","451324","成功",""
"2026-09-04 11:03:19","店家訂單數日報","歸檔","\\ycpl-server\a02_電商部\03_平台管理\Online_Platform_Data\01_Shopee\04_Report_Output\png\店家訂單數日報_統計20260701-20260731_產出20260724_170332.png","\\ycpl-server\a02_電商部\03_平台管理\Online_Platform_Data\01_Shopee\04_Report_Output\png\01_LINE已發歸檔\2026年07月\店家訂單數日報_統計20260701-20260731_產出20260724_170332.png","20260701","20260731","20260724_170332","451282","成功",""
"2026-09-04 11:03:19","店家訂單數日報","歸檔","\\ycpl-server\a02_電商部\03_平台管理\Online_Platform_Data\01_Shopee\04_Report_Output\png\店家訂單數日報_統計20260701-20260731_產出20260724_180336.png","\\ycpl-server\a02_電商部\03_平台管理\Online_Platform_Data\01_Shopee\04_Report_Output\png\01_LINE已發歸檔\2026年07月\店家訂單數日報_統計20260701-20260731_產出20260724_180336.png","20260701","20260731","20260724_180336","452120","成功",""
"2026-09-04 11:03:19","店家訂單數日報","歸檔","\\ycpl-server\a02_電商部\03_平台管理\Online_Platform_Data\01_Shopee\04_Report_Output\png\店家訂單數日報_統計20260701-20260731_產出20260725_100432.png","\\ycpl-server\a02_電商部\03_平台管理\Online_Platform_Data\01_Shopee\04_Report_Output\png\01_LINE已發歸檔\2026年07月\店家訂單數日報_統計20260701-20260731_產出20260725_100432.png","20260701","20260731","20260725_100432","451249","成功",""
"2026-09-04 11:03:19","店家訂單數日報","歸檔","\\ycpl-server\a02_電商部\03_平台管理\Online_Platform_Data\01_Shopee\04_Report_Output\png\店家訂單數日報_統計20260701-20260731_產出20260725_103334.png","\\ycpl-server\a02_電商部\03_平台管理\Online_Platform_Data\01_Shopee\04_Report_Output\png\01_LINE已發歸檔\2026年07月\店家訂單數日報_統計20260701-20260731_產出20260725_103334.png","20260701","20260731","20260725_103334","451390","成功",""
"2026-09-04 11:03:19","店家訂單數日報","歸檔","\\ycpl-server\a02_電商部\03_平台管理\Online_Platform_Data\01_Shopee\04_Report_Output\png\店家訂單數日報_統計20260701-20260731_產出20260725_110335.png","\\ycpl-server\a02_電商部\03_平台管理\Online_Platform_Data\01_Shopee\04_Report_Output\png\01_LINE已發歸檔\2026年07月\店家訂單數日報_統計20260701-20260731_產出20260725_110335.png","20260701","20260731","20260725_110335","451297","成功",""
"2026-09-04 11:03:19","店家訂單數日報","歸檔","\\ycpl-server\a02_電商部\03_平台管理\Online_Platform_Data\01_Shopee\04_Report_Output\png\店家訂單數日報_統計20260701-20260731_產出20260725_113332.png","\\ycpl-server\a02_電商部\03_平台管理\Online_Platform_Data\01_Shopee\04_Report_Output\png\01_LINE已發歸檔\2026年07月\店家訂單數日報_統計20260701-20260731_產出20260725_113332.png","20260701","20260731","20260725_113332","451294","成功",""
"2026-09-04 11:03:19","店家訂單數日報","歸檔","\\ycpl-server\a02_電商部\03_平台管理\Online_Platform_Data\01_Shopee\04_Report_Output\png\店家訂單數日報_統計20260701-20260731_產出20260725_150427.png","\\ycpl-server\a02_電商部\03_平台管理\Online_Platform_Data\01_Shopee\04_Report_Output\png\01_LINE已發歸檔\2026年07月\店家訂單數日報_統計20260701-20260731_產出20260725_150427.png","20260701","20260731","20260725_150427","451633","成功",""
"2026-09-04 11:03:19","店家訂單數日報","歸檔","\\ycpl-server\a02_電商部\03_平台管理\Online_Platform_Data\01_Shopee\04_Report_Output\png\店家訂單數日報_統計20260701-20260731_產出20260725_153332.png","\\ycpl-server\a02_電商部\03_平台管理\Online_Platform_Data\01_Shopee\04_Report_Output\png\01_LINE已發歸檔\2026年07月\店家訂單數日報_統計20260701-20260731_產出20260725_153332.png","20260701","20260731","20260725_153332","451297","成功",""
"2026-09-04 11:03:19","店家訂單數日報","歸檔","\\ycpl-server\a02_電商部\03_平台管理\Online_Platform_Data\01_Shopee\04_Report_Output\png\店家訂單數日報_統計20260701-20260731_產出20260725_160339.png","\\ycpl-server\a02_電商部\03_平台管理\Online_Platform_Data\01_Shopee\04_Report_Output\png\01_LINE已發歸檔\2026年07月\店家訂單數日報_統計20260701-20260731_產出20260725_160339.png","20260701","20260731","20260725_160339","451349","成功",""
"2026-09-04 11:03:19","店家訂單數日報","歸檔","\\ycpl-server\a02_電商部\03_平台管理\Online_Platform_Data\01_Shopee\04_Report_Output\png\店家訂單數日報_統計20260701-20260731_產出20260725_163344.png","\\ycpl-server\a02_電商部\03_平台管理\Online_Platform_Data\01_Shopee\04_Report_Output\png\01_LINE已發歸檔\2026年07月\店家訂單數日報_統計20260701-20260731_產出20260725_163344.png","20260701","20260731","20260725_163344","451457","成功",""
"2026-09-04 11:03:19","店家訂單數日報","歸檔","\\ycpl-server\a02_電商部\03_平台管理\Online_Platform_Data\01_Shopee\04_Report_Output\png\店家訂單數日報_統計20260701-20260731_產出20260725_170335.png","\\ycpl-server\a02_電商部\03_平台管理\Online_Platform_Data\01_Shopee\04_Report_Output\png\01_LINE已發歸檔\2026年07月\店家訂單數日報_統計20260701-20260731_產出20260725_170335.png","20260701","20260731","20260725_170335","451657","成功",""
"2026-09-04 11:03:19","店家訂單數日報","歸檔","\\ycpl-server\a02_電商部\03_平台管理\Online_Platform_Data\01_Shopee\04_Report_Output\png\店家訂單數日報_統計20260701-20260731_產出20260725_180335.png","\\ycpl-server\a02_電商部\03_平台管理\Online_Platform_Data\01_Shopee\04_Report_Output\png\01_LINE已發歸檔\2026年07月\店家訂單數日報_統計20260701-20260731_產出20260725_180335.png","20260701","20260731","20260725_180335","452479","成功",""
"2026-09-04 11:03:19","店家訂單數日報","歸檔","\\ycpl-server\a02_電商部\03_平台管理\Online_Platform_Data\01_Shopee\04_Report_Output\png\店家訂單數日報_統計20260701-20260731_產出20260726_100430.png","\\ycpl-server\a02_電商部\03_平台管理\Online_Platform_Data\01_Shopee\04_Report_Output\png\01_LINE已發歸檔\2026年07月\店家訂單數日報_統計20260701-20260731_產出20260726_100430.png","20260701","20260731","20260726_100430","450903","成功",""
"2026-09-04 11:03:19","店家訂單數日報","歸檔","\\ycpl-server\a02_電商部\03_平台管理\Online_Platform_Data\01_Shopee\04_Report_Output\png\店家訂單數日報_統計20260701-20260731_產出20260726_103335.png","\\ycpl-server\a02_電商部\03_平台管理\Online_Platform_Data\01_Shopee\04_Report_Output\png\01_LINE已發歸檔\2026年07月\店家訂單數日報_統計20260701-20260731_產出20260726_103335.png","20260701","20260731","20260726_103335","451028","成功",""
"2026-09-04 11:03:19","店家訂單數日報","歸檔","\\ycpl-server\a02_電商部\03_平台管理\Online_Platform_Data\01_Shopee\04_Report_Output\png\店家訂單數日報_統計20260701-20260731_產出20260726_110338.png","\\ycpl-server\a02_電商部\03_平台管理\Online_Platform_Data\01_Shopee\04_Report_Output\png\01_LINE已發歸檔\2026年07月\店家訂單數日報_統計20260701-20260731_產出20260726_110338.png","20260701","20260731","20260726_110338","450949","成功",""
"2026-09-04 11:03:19","店家訂單數日報","歸檔","\\ycpl-server\a02_電商部\03_平台管理\Online_Platform_Data\01_Shopee\04_Report_Output\png\店家訂單數日報_統計20260701-20260731_產出20260726_113337.png","\\ycpl-server\a02_電商部\03_平台管理\Online_Platform_Data\01_Shopee\04_Report_Output\png\01_LINE已發歸檔\2026年07月\店家訂單數日報_統計20260701-20260731_產出20260726_113337.png","20260701","20260731","20260726_113337","451296","成功",""
"2026-09-04 11:03:19","店家訂單數日報","歸檔","\\ycpl-server\a02_電商部\03_平台管理\Online_Platform_Data\01_Shopee\04_Report_Output\png\店家訂單數日報_統計20260701-20260731_產出20260726_150431.png","\\ycpl-server\a02_電商部\03_平台管理\Online_Platform_Data\01_Shopee\04_Report_Output\png\01_LINE已發歸檔\2026年07月\店家訂單數日報_統計20260701-20260731_產出20260726_150431.png","20260701","20260731","20260726_150431","451359","成功",""
"2026-09-04 11:03:19","店家訂單數日報","歸檔","\\ycpl-server\a02_電商部\03_平台管理\Online_Platform_Data\01_Shopee\04_Report_Output\png\店家訂單數日報_統計20260701-20260731_產出20260726_153335.png","\\ycpl-server\a02_電商部\03_平台管理\Online_Platform_Data\01_Shopee\04_Report_Output\png\01_LINE已發歸檔\2026年07月\店家訂單數日報_統計20260701-20260731_產出20260726_153335.png","20260701","20260731","20260726_153335","451362","成功",""
"2026-09-04 11:03:19","店家訂單數日報","歸檔","\\ycpl-server\a02_電商部\03_平台管理\Online_Platform_Data\01_Shopee\04_Report_Output\png\店家訂單數日報_統計20260701-20260731_產出20260726_160334.png","\\ycpl-server\a02_電商部\03_平台管理\Online_Platform_Data\01_Shopee\04_Report_Output\png\01_LINE已發歸檔\2026年07月\店家訂單數日報_統計20260701-20260731_產出20260726_160334.png","20260701","20260731","20260726_160334","450970","成功",""
"2026-09-04 11:03:19","店家訂單數日報","歸檔","\\ycpl-server\a02_電商部\03_平台管理\Online_Platform_Data\01_Shopee\04_Report_Output\png\店家訂單數日報_統計20260701-20260731_產出20260726_163342.png","\\ycpl-server\a02_電商部\03_平台管理\Online_Platform_Data\01_Shopee\04_Report_Output\png\01_LINE已發歸檔\2026年07月\店家訂單數日報_統計20260701-20260731_產出20260726_163342.png","20260701","20260731","20260726_163342","451012","成功",""
"2026-09-04 11:03:19","店家訂單數日報","歸檔","\\ycpl-server\a02_電商部\03_平台管理\Online_Platform_Data\01_Shopee\04_Report_Output\png\店家訂單數日報_統計20260701-20260731_產出20260726_170340.png","\\ycpl-server\a02_電商部\03_平台管理\Online_Platform_Data\01_Shopee\04_Report_Output\png\01_LINE已發歸檔\2026年07月\店家訂單數日報_統計20260701-20260731_產出20260726_170340.png","20260701","20260731","20260726_170340","451852","成功",""
"2026-09-04 11:03:19","店家訂單數日報","歸檔","\\ycpl-server\a02_電商部\03_平台管理\Online_Platform_Data\01_Shopee\04_Report_Output\png\店家訂單數日報_統計20260701-20260731_產出20260726_180336.png","\\ycpl-server\a02_電商部\03_平台管理\Online_Platform_Data\01_Shopee\04_Report_Output\png\01_LINE已發歸檔\2026年07月\店家訂單數日報_統計20260701-20260731_產出20260726_180336.png","20260701","20260731","20260726_180336","452200","成功",""
"2026-09-04 11:03:19","店家訂單數日報","歸檔","\\ycpl-server\a02_電商部\03_平台管理\Online_Platform_Data\01_Shopee\04_Report_Output\png\店家訂單數日報_統計20260701-20260731_產出20260727_100504.png","\\ycpl-server\a02_電商部\03_平台管理\Online_Platform_Data\01_Shopee\04_Report_Output\png\01_LINE已發歸檔\2026年07月\店家訂單數日報_統計20260701-20260731_產出20260727_100504.png","20260701","20260731","20260727_100504","464345","成功",""
"2026-09-04 11:03:19","店家訂單數日報","歸檔","\\ycpl-server\a02_電商部\03_平台管理\Online_Platform_Data\01_Shopee\04_Report_Output\png\店家訂單數日報_統計20260701-20260731_產出20260727_103349.png","\\ycpl-server\a02_電商部\03_平台管理\Online_Platform_Data\01_Shopee\04_Report_Output\png\01_LINE已發歸檔\2026年07月\店家訂單數日報_統計20260701-20260731_產出20260727_103349.png","20260701","20260731","20260727_103349","464007","成功",""
"2026-09-04 11:03:19","店家訂單數日報","歸檔","\\ycpl-server\a02_電商部\03_平台管理\Online_Platform_Data\01_Shopee\04_Report_Output\png\店家訂單數日報_統計20260701-20260731_產出20260727_110340.png","\\ycpl-server\a02_電商部\03_平台管理\Online_Platform_Data\01_Shopee\04_Report_Output\png\01_LINE已發歸檔\2026年07月\店家訂單數日報_統計20260701-20260731_產出20260727_110340.png","20260701","20260731","20260727_110340","464813","成功",""
"2026-09-04 11:03:19","店家訂單數日報","歸檔","\\ycpl-server\a02_電商部\03_平台管理\Online_Platform_Data\01_Shopee\04_Report_Output\png\店家訂單數日報_統計20260701-20260731_產出20260727_113344.png","\\ycpl-server\a02_電商部\03_平台管理\Online_Platform_Data\01_Shopee\04_Report_Output\png\01_LINE已發歸檔\2026年07月\店家訂單數日報_統計20260701-20260731_產出20260727_113344.png","20260701","20260731","20260727_113344","463990","成功",""
"2026-09-04 11:03:19","店家訂單數日報","歸檔","\\ycpl-server\a02_電商部\03_平台管理\Online_Platform_Data\01_Shopee\04_Report_Output\png\店家訂單數日報_統計20260701-20260731_產出20260727_150448.png","\\ycpl-server\a02_電商部\03_平台管理\Online_Platform_Data\01_Shopee\04_Report_Output\png\01_LINE已發歸檔\2026年07月\店家訂單數日報_統計20260701-20260731_產出20260727_150448.png","20260701","20260731","20260727_150448","464468","成功",""
"2026-09-04 11:03:19","店家訂單數日報","歸檔","\\ycpl-server\a02_電商部\03_平台管理\Online_Platform_Data\01_Shopee\04_Report_Output\png\店家訂單數日報_統計20260701-20260731_產出20260727_153338.png","\\ycpl-server\a02_電商部\03_平台管理\Online_Platform_Data\01_Shopee\04_Report_Output\png\01_LINE已發歸檔\2026年07月\店家訂單數日報_統計20260701-20260731_產出20260727_153338.png","20260701","20260731","20260727_153338","464414","成功",""
"2026-09-04 11:03:19","店家訂單數日報","歸檔","\\ycpl-server\a02_電商部\03_平台管理\Online_Platform_Data\01_Shopee\04_Report_Output\png\店家訂單數日報_統計20260701-20260731_產出20260727_160338.png","\\ycpl-server\a02_電商部\03_平台管理\Online_Platform_Data\01_Shopee\04_Report_Output\png\01_LINE已發歸檔\2026年07月\店家訂單數日報_統計20260701-20260731_產出20260727_160338.png","20260701","20260731","20260727_160338","463970","成功",""
"2026-09-04 11:03:19","店家訂單數日報","歸檔","\\ycpl-server\a02_電商部\03_平台管理\Online_Platform_Data\01_Shopee\04_Report_Output\png\店家訂單數日報_統計20260701-20260731_產出20260727_163333.png","\\ycpl-server\a02_電商部\03_平台管理\Online_Platform_Data\01_Shopee\04_Report_Output\png\01_LINE已發歸檔\2026年07月\店家訂單數日報_統計20260701-20260731_產出20260727_163333.png","20260701","20260731","20260727_163333","464069","成功",""
"2026-09-04 11:03:19","店家訂單數日報","歸檔","\\ycpl-server\a02_電商部\03_平台管理\Online_Platform_Data\01_Shopee\04_Report_Output\png\店家訂單數日報_統計20260701-20260731_產出20260727_170337.png","\\ycpl-server\a02_電商部\03_平台管理\Online_Platform_Data\01_Shopee\04_Report_Output\png\01_LINE已發歸檔\2026年07月\店家訂單數日報_統計20260701-20260731_產出20260727_170337.png","20260701","20260731","20260727_170337","464420","成功",""
"2026-09-04 11:03:19","店家訂單數日報","歸檔","\\ycpl-server\a02_電商部\03_平台管理\Online_Platform_Data\01_Shopee\04_Report_Output\png\店家訂單數日報_統計20260701-20260731_產出20260727_180337.png","\\ycpl-server\a02_電商部\03_平台管理\Online_Platform_Data\01_Shopee\04_Report_Output\png\01_LINE已發歸檔\2026年07月\店家訂單數日報_統計20260701-20260731_產出20260727_180337.png","20260701","20260731","20260727_180337","465243","成功",""
"2026-09-04 11:03:19","店家訂單數日報","歸檔","\\ycpl-server\a02_電商部\03_平台管理\Online_Platform_Data\01_Shopee\04_Report_Output\png\店家訂單數日報_統計20260701-20260731_產出20260728_100533.png","\\ycpl-server\a02_電商部\03_平台管理\Online_Platform_Data\01_Shopee\04_Report_Output\png\01_LINE已發歸檔\2026年07月\店家訂單數日報_統計20260701-20260731_產出20260728_100533.png","20260701","20260731","20260728_100533","470564","成功",""
"2026-09-04 11:03:19","店家訂單數日報","歸檔","\\ycpl-server\a02_電商部\03_平台管理\Online_Platform_Data\01_Shopee\04_Report_Output\png\店家訂單數日報_統計20260701-20260731_產出20260728_103401.png","\\ycpl-server\a02_電商部\03_平台管理\Online_Platform_Data\01_Shopee\04_Report_Output\png\01_LINE已發歸檔\2026年07月\店家訂單數日報_統計20260701-20260731_產出20260728_103401.png","20260701","20260731","20260728_103401","470372","成功",""
"2026-09-04 11:03:19","店家訂單數日報","歸檔","\\ycpl-server\a02_電商部\03_平台管理\Online_Platform_Data\01_Shopee\04_Report_Output\png\店家訂單數日報_統計20260701-20260731_產出20260728_110402.png","\\ycpl-server\a02_電商部\03_平台管理\Online_Platform_Data\01_Shopee\04_Report_Output\png\01_LINE已發歸檔\2026年07月\店家訂單數日報_統計20260701-20260731_產出20260728_110402.png","20260701","20260731","20260728_110402","470385","成功",""
"2026-09-04 11:03:19","店家訂單數日報","歸檔","\\ycpl-server\a02_電商部\03_平台管理\Online_Platform_Data\01_Shopee\04_Report_Output\png\店家訂單數日報_統計20260701-20260731_產出20260728_113402.png","\\ycpl-server\a02_電商部\03_平台管理\Online_Platform_Data\01_Shopee\04_Report_Output\png\01_LINE已發歸檔\2026年07月\店家訂單數日報_統計20260701-20260731_產出20260728_113402.png","20260701","20260731","20260728_113402","470626","成功",""
"2026-09-04 11:03:19","店家訂單數日報","歸檔","\\ycpl-server\a02_電商部\03_平台管理\Online_Platform_Data\01_Shopee\04_Report_Output\png\店家訂單數日報_統計20260701-20260731_產出20260728_150432.png","\\ycpl-server\a02_電商部\03_平台管理\Online_Platform_Data\01_Shopee\04_Report_Output\png\01_LINE已發歸檔\2026年07月\店家訂單數日報_統計20260701-20260731_產出20260728_150432.png","20260701","20260731","20260728_150432","470701","成功",""
"2026-09-04 11:03:19","店家訂單數日報","歸檔","\\ycpl-server\a02_電商部\03_平台管理\Online_Platform_Data\01_Shopee\04_Report_Output\png\店家訂單數日報_統計20260701-20260731_產出20260728_153344.png","\\ycpl-server\a02_電商部\03_平台管理\Online_Platform_Data\01_Shopee\04_Report_Output\png\01_LINE已發歸檔\2026年07月\店家訂單數日報_統計20260701-20260731_產出20260728_153344.png","20260701","20260731","20260728_153344","470775","成功",""
"2026-09-04 11:03:19","店家訂單數日報","歸檔","\\ycpl-server\a02_電商部\03_平台管理\Online_Platform_Data\01_Shopee\04_Report_Output\png\店家訂單數日報_統計20260701-20260731_產出20260728_160346.png","\\ycpl-server\a02_電商部\03_平台管理\Online_Platform_Data\01_Shopee\04_Report_Output\png\01_LINE已發歸檔\2026年07月\店家訂單數日報_統計20260701-20260731_產出20260728_160346.png","20260701","20260731","20260728_160346","470652","成功",""
"2026-09-04 11:03:19","店家訂單數日報","歸檔","\\ycpl-server\a02_電商部\03_平台管理\Online_Platform_Data\01_Shopee\04_Report_Output\png\店家訂單數日報_統計20260701-20260731_產出20260728_163341.png","\\ycpl-server\a02_電商部\03_平台管理\Online_Platform_Data\01_Shopee\04_Report_Output\png\01_LINE已發歸檔\2026年07月\店家訂單數日報_統計20260701-20260731_產出20260728_163341.png","20260701","20260731","20260728_163341","470388","成功",""
"2026-09-04 11:03:19","店家訂單數日報","歸檔","\\ycpl-server\a02_電商部\03_平台管理\Online_Platform_Data\01_Shopee\04_Report_Output\png\店家訂單數日報_統計20260701-20260731_產出20260728_170342.png","\\ycpl-server\a02_電商部\03_平台管理\Online_Platform_Data\01_Shopee\04_Report_Output\png\01_LINE已發歸檔\2026年07月\店家訂單數日報_統計20260701-20260731_產出20260728_170342.png","20260701","20260731","20260728_170342","470421","成功",""
"2026-09-04 11:03:19","店家訂單數日報","歸檔","\\ycpl-server\a02_電商部\03_平台管理\Online_Platform_Data\01_Shopee\04_Report_Output\png\店家訂單數日報_統計20260701-20260731_產出20260728_180340.png","\\ycpl-server\a02_電商部\03_平台管理\Online_Platform_Data\01_Shopee\04_Report_Output\png\01_LINE已發歸檔\2026年07月\店家訂單數日報_統計20260701-20260731_產出20260728_180340.png","20260701","20260731","20260728_180340","470438","成功",""
"2026-09-04 11:03:19","店家訂單數日報","歸檔","\\ycpl-server\a02_電商部\03_平台管理\Online_Platform_Data\01_Shopee\04_Report_Output\png\店家訂單數日報_統計20260701-20260731_產出20260729_100544.png","\\ycpl-server\a02_電商部\03_平台管理\Online_Platform_Data\01_Shopee\04_Report_Output\png\01_LINE已發歸檔\2026年07月\店家訂單數日報_統計20260701-20260731_產出20260729_100544.png","20260701","20260731","20260729_100544","474095","成功",""
"2026-09-04 11:03:19","店家訂單數日報","歸檔","\\ycpl-server\a02_電商部\03_平台管理\Online_Platform_Data\01_Shopee\04_Report_Output\png\店家訂單數日報_統計20260701-20260731_產出20260729_101456.png","\\ycpl-server\a02_電商部\03_平台管理\Online_Platform_Data\01_Shopee\04_Report_Output\png\01_LINE已發歸檔\2026年07月\店家訂單數日報_統計20260701-20260731_產出20260729_101456.png","20260701","20260731","20260729_101456","473745","成功",""
"2026-09-04 11:03:19","店家訂單數日報","移至待確認","\\ycpl-server\a02_電商部\03_平台管理\Online_Platform_Data\01_Shopee\04_Report_Output\png\店家訂單數日報_統計20260701-20260731_產出20260729_102327.png","\\ycpl-server\a02_電商部\03_平台管理\Online_Platform_Data\01_Shopee\04_Report_Output\png\03_待確認\店家訂單數日報_統計20260701-20260731_產出20260729_102327.png","20260701","20260731","20260729_102327","472079","成功","內容完全重複，保留較晚版本"
"2026-09-04 11:03:19","店家訂單數日報","歸檔","\\ycpl-server\a02_電商部\03_平台管理\Online_Platform_Data\01_Shopee\04_Report_Output\png\店家訂單數日報_統計20260701-20260731_產出20260729_102902.png","\\ycpl-server\a02_電商部\03_平台管理\Online_Platform_Data\01_Shopee\04_Report_Output\png\01_LINE已發歸檔\2026年07月\店家訂單數日報_統計20260701-20260731_產出20260729_102902.png","20260701","20260731","20260729_102902","472079","成功",""
"2026-09-04 11:03:19","店家訂單數日報","歸檔","\\ycpl-server\a02_電商部\03_平台管理\Online_Platform_Data\01_Shopee\04_Report_Output\png\店家訂單數日報_統計20260701-20260731_產出20260729_143457.png","\\ycpl-server\a02_電商部\03_平台管理\Online_Platform_Data\01_Shopee\04_Report_Output\png\01_LINE已發歸檔\2026年07月\店家訂單數日報_統計20260701-20260731_產出20260729_143457.png","20260701","20260731","20260729_143457","471893","成功",""
"2026-09-04 11:03:19","店家訂單數日報","歸檔","\\ycpl-server\a02_電商部\03_平台管理\Online_Platform_Data\01_Shopee\04_Report_Output\png\店家訂單數日報_統計20260701-20260731_產出20260729_154034.png","\\ycpl-server\a02_電商部\03_平台管理\Online_Platform_Data\01_Shopee\04_Report_Output\png\01_LINE已發歸檔\2026年07月\店家訂單數日報_統計20260701-20260731_產出20260729_154034.png","20260701","20260731","20260729_154034","473193","成功",""
"2026-09-04 11:03:19","店家訂單數日報","歸檔","\\ycpl-server\a02_電商部\03_平台管理\Online_Platform_Data\01_Shopee\04_Report_Output\png\店家訂單數日報_統計20260701-20260731_產出20260729_155347.png","\\ycpl-server\a02_電商部\03_平台管理\Online_Platform_Data\01_Shopee\04_Report_Output\png\01_LINE已發歸檔\2026年07月\店家訂單數日報_統計20260701-20260731_產出20260729_155347.png","20260701","20260731","20260729_155347","472039","成功",""
"2026-09-04 11:03:19","店家訂單數日報","歸檔","\\ycpl-server\a02_電商部\03_平台管理\Online_Platform_Data\01_Shopee\04_Report_Output\png\店家訂單數日報_統計20260701-20260731_產出20260730_102327.png","\\ycpl-server\a02_電商部\03_平台管理\Online_Platform_Data\01_Shopee\04_Report_Output\png\01_LINE已發歸檔\2026年07月\店家訂單數日報_統計20260701-20260731_產出20260730_102327.png","20260701","20260731","20260730_102327","477067","成功",""
"2026-09-04 11:03:19","店家訂單數日報","歸檔","\\ycpl-server\a02_電商部\03_平台管理\Online_Platform_Data\01_Shopee\04_Report_Output\png\店家訂單數日報_統計20260701-20260731_產出20260730_103516.png","\\ycpl-server\a02_電商部\03_平台管理\Online_Platform_Data\01_Shopee\04_Report_Output\png\01_LINE已發歸檔\2026年07月\店家訂單數日報_統計20260701-20260731_產出20260730_103516.png","20260701","20260731","20260730_103516","477525","成功",""
"2026-09-04 11:03:19","店家訂單數日報","歸檔","\\ycpl-server\a02_電商部\03_平台管理\Online_Platform_Data\01_Shopee\04_Report_Output\png\店家訂單數日報_統計20260701-20260731_產出20260730_123811.png","\\ycpl-server\a02_電商部\03_平台管理\Online_Platform_Data\01_Shopee\04_Report_Output\png\01_LINE已發歸檔\2026年07月\店家訂單數日報_統計20260701-20260731_產出20260730_123811.png","20260701","20260731","20260730_123811","477590","成功",""
"2026-09-04 11:03:19","店家訂單數日報","歸檔","\\ycpl-server\a02_電商部\03_平台管理\Online_Platform_Data\01_Shopee\04_Report_Output\png\店家訂單數日報_統計20260701-20260731_產出20260730_153009.png","\\ycpl-server\a02_電商部\03_平台管理\Online_Platform_Data\01_Shopee\04_Report_Output\png\01_LINE已發歸檔\2026年07月\店家訂單數日報_統計20260701-20260731_產出20260730_153009.png","20260701","20260731","20260730_153009","478404","成功",""
"2026-09-04 11:03:19","店家訂單數日報","歸檔","\\ycpl-server\a02_電商部\03_平台管理\Online_Platform_Data\01_Shopee\04_Report_Output\png\店家訂單數日報_統計20260701-20260731_產出20260730_155109.png","\\ycpl-server\a02_電商部\03_平台管理\Online_Platform_Data\01_Shopee\04_Report_Output\png\01_LINE已發歸檔\2026年07月\店家訂單數日報_統計20260701-20260731_產出20260730_155109.png","20260701","20260731","20260730_155109","477833","成功",""
"2026-09-04 11:03:19","店家訂單數日報","歸檔","\\ycpl-server\a02_電商部\03_平台管理\Online_Platform_Data\01_Shopee\04_Report_Output\png\店家訂單數日報_統計20260701-20260731_產出20260730_161241.png","\\ycpl-server\a02_電商部\03_平台管理\Online_Platform_Data\01_Shopee\04_Report_Output\png\01_LINE已發歸檔\2026年07月\店家訂單數日報_統計20260701-20260731_產出20260730_161241.png","20260701","20260731","20260730_161241","477240","成功",""
"2026-09-04 11:03:19","店家訂單數日報","歸檔","\\ycpl-server\a02_電商部\03_平台管理\Online_Platform_Data\01_Shopee\04_Report_Output\png\店家訂單數日報_統計20260701-20260731_產出20260731_102942.png","\\ycpl-server\a02_電商部\03_平台管理\Online_Platform_Data\01_Shopee\04_Report_Output\png\01_LINE已發歸檔\2026年07月\店家訂單數日報_統計20260701-20260731_產出20260731_102942.png","20260701","20260731","20260731_102942","481788","成功",""
"2026-09-04 11:03:19","店家訂單數日報","歸檔","\\ycpl-server\a02_電商部\03_平台管理\Online_Platform_Data\01_Shopee\04_Report_Output\png\店家訂單數日報_統計20260701-20260731_產出20260731_103729.png","\\ycpl-server\a02_電商部\03_平台管理\Online_Platform_Data\01_Shopee\04_Report_Output\png\01_LINE已發歸檔\2026年07月\店家訂單數日報_統計20260701-20260731_產出20260731_103729.png","20260701","20260731","20260731_103729","481455","成功",""
"2026-09-04 11:03:19","店家訂單數日報","歸檔","\\ycpl-server\a02_電商部\03_平台管理\Online_Platform_Data\01_Shopee\04_Report_Output\png\店家訂單數日報_統計20260701-20260731_產出20260731_152947.png","\\ycpl-server\a02_電商部\03_平台管理\Online_Platform_Data\01_Shopee\04_Report_Output\png\01_LINE已發歸檔\2026年07月\店家訂單數日報_統計20260701-20260731_產出20260731_152947.png","20260701","20260731","20260731_152947","482206","成功",""
"2026-09-04 11:03:19","店家訂單數日報","歸檔","\\ycpl-server\a02_電商部\03_平台管理\Online_Platform_Data\01_Shopee\04_Report_Output\png\店家訂單數日報_統計20260701-20260731_產出20260731_184345.png","\\ycpl-server\a02_電商部\03_平台管理\Online_Platform_Data\01_Shopee\04_Report_Output\png\01_LINE已發歸檔\2026年07月\店家訂單數日報_統計20260701-20260731_產出20260731_184345.png","20260701","20260731","20260731_184345","482135","成功",""
"2026-09-04 11:03:19","店家訂單數日報","歸檔","\\ycpl-server\a02_電商部\03_平台管理\Online_Platform_Data\01_Shopee\04_Report_Output\png\店家訂單數日報_統計20260701-20260731_產出20260803_101955.png","\\ycpl-server\a02_電商部\03_平台管理\Online_Platform_Data\01_Shopee\04_Report_Output\png\01_LINE已發歸檔\2026年08月\店家訂單數日報_統計20260701-20260731_產出20260803_101955.png","20260701","20260731","20260803_101955","481613","成功",""
"2026-09-04 11:03:19","店家訂單數日報","歸檔","\\ycpl-server\a02_電商部\03_平台管理\Online_Platform_Data\01_Shopee\04_Report_Output\png\店家訂單數日報_統計20260701-20260831_產出20260803_102831.png","\\ycpl-server\a02_電商部\03_平台管理\Online_Platform_Data\01_Shopee\04_Report_Output\png\01_LINE已發歸檔\2026年08月\店家訂單數日報_統計20260701-20260831_產出20260803_102831.png","20260701","20260831","20260803_102831","744541","成功",""
"2026-09-04 11:03:19","店家訂單數日報","歸檔","\\ycpl-server\a02_電商部\03_平台管理\Online_Platform_Data\01_Shopee\04_Report_Output\png\店家訂單數日報_統計20260701-20260831_產出20260803_104016.png","\\ycpl-server\a02_電商部\03_平台管理\Online_Platform_Data\01_Shopee\04_Report_Output\png\01_LINE已發歸檔\2026年08月\店家訂單數日報_統計20260701-20260831_產出20260803_104016.png","20260701","20260831","20260803_104016","744806","成功",""
"2026-09-04 11:03:19","店家訂單數日報","歸檔","\\ycpl-server\a02_電商部\03_平台管理\Online_Platform_Data\01_Shopee\04_Report_Output\png\店家訂單數日報_統計20260701-20260831_產出20260803_162716.png","\\ycpl-server\a02_電商部\03_平台管理\Online_Platform_Data\01_Shopee\04_Report_Output\png\01_LINE已發歸檔\2026年08月\店家訂單數日報_統計20260701-20260831_產出20260803_162716.png","20260701","20260831","20260803_162716","745051","成功",""
"2026-09-04 11:03:19","店家訂單數日報","歸檔","\\ycpl-server\a02_電商部\03_平台管理\Online_Platform_Data\01_Shopee\04_Report_Output\png\店家訂單數日報_統計20260701-20260831_產出20260803_164257.png","\\ycpl-server\a02_電商部\03_平台管理\Online_Platform_Data\01_Shopee\04_Report_Output\png\01_LINE已發歸檔\2026年08月\店家訂單數日報_統計20260701-20260831_產出20260803_164257.png","20260701","20260831","20260803_164257","744817","成功",""
"2026-09-04 11:03:19","店家訂單數日報","歸檔","\\ycpl-server\a02_電商部\03_平台管理\Online_Platform_Data\01_Shopee\04_Report_Output\png\店家訂單數日報_統計20260701-20260831_產出20260804_101445.png","\\ycpl-server\a02_電商部\03_平台管理\Online_Platform_Data\01_Shopee\04_Report_Output\png\01_LINE已發歸檔\2026年08月\店家訂單數日報_統計20260701-20260831_產出20260804_101445.png","20260701","20260831","20260804_101445","748184","成功",""
"2026-09-04 11:03:19","店家訂單數日報","歸檔","\\ycpl-server\a02_電商部\03_平台管理\Online_Platform_Data\01_Shopee\04_Report_Output\png\店家訂單數日報_統計20260701-20260831_產出20260804_153546.png","\\ycpl-server\a02_電商部\03_平台管理\Online_Platform_Data\01_Shopee\04_Report_Output\png\01_LINE已發歸檔\2026年08月\店家訂單數日報_統計20260701-20260831_產出20260804_153546.png","20260701","20260831","20260804_153546","748470","成功",""
"2026-09-04 11:03:19","店家訂單數日報","歸檔","\\ycpl-server\a02_電商部\03_平台管理\Online_Platform_Data\01_Shopee\04_Report_Output\png\店家訂單數日報_統計20260701-20260831_產出20260804_155434.png","\\ycpl-server\a02_電商部\03_平台管理\Online_Platform_Data\01_Shopee\04_Report_Output\png\01_LINE已發歸檔\2026年08月\店家訂單數日報_統計20260701-20260831_產出20260804_155434.png","20260701","20260831","20260804_155434","748352","成功",""
"2026-09-04 11:03:20","店家訂單數日報","歸檔","\\ycpl-server\a02_電商部\03_平台管理\Online_Platform_Data\01_Shopee\04_Report_Output\png\店家訂單數日報_統計20260701-20260831_產出20260804_162600.png","\\ycpl-server\a02_電商部\03_平台管理\Online_Platform_Data\01_Shopee\04_Report_Output\png\01_LINE已發歸檔\2026年08月\店家訂單數日報_統計20260701-20260831_產出20260804_162600.png","20260701","20260831","20260804_162600","748453","成功",""
"2026-09-04 11:03:20","店家訂單數日報","歸檔","\\ycpl-server\a02_電商部\03_平台管理\Online_Platform_Data\01_Shopee\04_Report_Output\png\店家訂單數日報_統計20260701-20260831_產出20260805_103429.png","\\ycpl-server\a02_電商部\03_平台管理\Online_Platform_Data\01_Shopee\04_Report_Output\png\01_LINE已發歸檔\2026年08月\店家訂單數日報_統計20260701-20260831_產出20260805_103429.png","20260701","20260831","20260805_103429","751422","成功",""
"2026-09-04 11:03:20","店家訂單數日報","歸檔","\\ycpl-server\a02_電商部\03_平台管理\Online_Platform_Data\01_Shopee\04_Report_Output\png\店家訂單數日報_統計20260801-20260831_產出20260805_103734.png","\\ycpl-server\a02_電商部\03_平台管理\Online_Platform_Data\01_Shopee\04_Report_Output\png\01_LINE已發歸檔\2026年08月\店家訂單數日報_統計20260801-20260831_產出20260805_103734.png","20260801","20260831","20260805_103734","383430","成功",""
"2026-09-04 11:03:20","店家訂單數日報","歸檔","\\ycpl-server\a02_電商部\03_平台管理\Online_Platform_Data\01_Shopee\04_Report_Output\png\店家訂單數日報_統計20260801-20260831_產出20260805_104619.png","\\ycpl-server\a02_電商部\03_平台管理\Online_Platform_Data\01_Shopee\04_Report_Output\png\01_LINE已發歸檔\2026年08月\店家訂單數日報_統計20260801-20260831_產出20260805_104619.png","20260801","20260831","20260805_104619","384502","成功",""
"2026-09-04 11:03:20","店家訂單數日報","歸檔","\\ycpl-server\a02_電商部\03_平台管理\Online_Platform_Data\01_Shopee\04_Report_Output\png\店家訂單數日報_統計20260801-20260831_產出20260805_155518.png","\\ycpl-server\a02_電商部\03_平台管理\Online_Platform_Data\01_Shopee\04_Report_Output\png\01_LINE已發歸檔\2026年08月\店家訂單數日報_統計20260801-20260831_產出20260805_155518.png","20260801","20260831","20260805_155518","384491","成功",""
"2026-09-04 11:03:20","店家訂單數日報","歸檔","\\ycpl-server\a02_電商部\03_平台管理\Online_Platform_Data\01_Shopee\04_Report_Output\png\店家訂單數日報_統計20260801-20260831_產出20260805_162257.png","\\ycpl-server\a02_電商部\03_平台管理\Online_Platform_Data\01_Shopee\04_Report_Output\png\01_LINE已發歸檔\2026年08月\店家訂單數日報_統計20260801-20260831_產出20260805_162257.png","20260801","20260831","20260805_162257","384298","成功",""
"2026-09-04 11:03:20","店家訂單數日報","歸檔","\\ycpl-server\a02_電商部\03_平台管理\Online_Platform_Data\01_Shopee\04_Report_Output\png\店家訂單數日報_統計20260801-20260831_產出20260806_101036.png","\\ycpl-server\a02_電商部\03_平台管理\Online_Platform_Data\01_Shopee\04_Report_Output\png\01_LINE已發歸檔\2026年08月\店家訂單數日報_統計20260801-20260831_產出20260806_101036.png","20260801","20260831","20260806_101036","386704","成功",""
"2026-09-04 11:03:20","店家訂單數日報","歸檔","\\ycpl-server\a02_電商部\03_平台管理\Online_Platform_Data\01_Shopee\04_Report_Output\png\店家訂單數日報_統計20260801-20260831_產出20260806_102747.png","\\ycpl-server\a02_電商部\03_平台管理\Online_Platform_Data\01_Shopee\04_Report_Output\png\01_LINE已發歸檔\2026年08月\店家訂單數日報_統計20260801-20260831_產出20260806_102747.png","20260801","20260831","20260806_102747","387083","成功",""
"2026-09-04 11:03:20","店家訂單數日報","歸檔","\\ycpl-server\a02_電商部\03_平台管理\Online_Platform_Data\01_Shopee\04_Report_Output\png\店家訂單數日報_統計20260801-20260831_產出20260806_155002.png","\\ycpl-server\a02_電商部\03_平台管理\Online_Platform_Data\01_Shopee\04_Report_Output\png\01_LINE已發歸檔\2026年08月\店家訂單數日報_統計20260801-20260831_產出20260806_155002.png","20260801","20260831","20260806_155002","387530","成功",""
"2026-09-04 11:03:20","店家訂單數日報","歸檔","\\ycpl-server\a02_電商部\03_平台管理\Online_Platform_Data\01_Shopee\04_Report_Output\png\店家訂單數日報_統計20260801-20260831_產出20260806_155739.png","\\ycpl-server\a02_電商部\03_平台管理\Online_Platform_Data\01_Shopee\04_Report_Output\png\01_LINE已發歸檔\2026年08月\店家訂單數日報_統計20260801-20260831_產出20260806_155739.png","20260801","20260831","20260806_155739","387676","成功",""
"2026-09-04 11:03:20","店家訂單數日報","歸檔","\\ycpl-server\a02_電商部\03_平台管理\Online_Platform_Data\01_Shopee\04_Report_Output\png\店家訂單數日報_統計20260801-20260831_產出20260806_161445.png","\\ycpl-server\a02_電商部\03_平台管理\Online_Platform_Data\01_Shopee\04_Report_Output\png\01_LINE已發歸檔\2026年08月\店家訂單數日報_統計20260801-20260831_產出20260806_161445.png","20260801","20260831","20260806_161445","387102","成功",""
"2026-09-04 11:03:20","店家訂單數日報","歸檔","\\ycpl-server\a02_電商部\03_平台管理\Online_Platform_Data\01_Shopee\04_Report_Output\png\店家訂單數日報_統計20260801-20260831_產出20260807_101827.png","\\ycpl-server\a02_電商部\03_平台管理\Online_Platform_Data\01_Shopee\04_Report_Output\png\01_LINE已發歸檔\2026年08月\店家訂單數日報_統計20260801-20260831_產出20260807_101827.png","20260801","20260831","20260807_101827","392090","成功",""
"2026-09-04 11:03:20","店家訂單數日報","歸檔","\\ycpl-server\a02_電商部\03_平台管理\Online_Platform_Data\01_Shopee\04_Report_Output\png\店家訂單數日報_統計20260801-20260831_產出20260807_153117.png","\\ycpl-server\a02_電商部\03_平台管理\Online_Platform_Data\01_Shopee\04_Report_Output\png\01_LINE已發歸檔\2026年08月\店家訂單數日報_統計20260801-20260831_產出20260807_153117.png","20260801","20260831","20260807_153117","392378","成功",""
"2026-09-04 11:03:20","店家訂單數日報","歸檔","\\ycpl-server\a02_電商部\03_平台管理\Online_Platform_Data\01_Shopee\04_Report_Output\png\店家訂單數日報_統計20260801-20260831_產出20260810_101013.png","\\ycpl-server\a02_電商部\03_平台管理\Online_Platform_Data\01_Shopee\04_Report_Output\png\01_LINE已發歸檔\2026年08月\店家訂單數日報_統計20260801-20260831_產出20260810_101013.png","20260801","20260831","20260810_101013","405366","成功",""
"2026-09-04 11:03:20","店家訂單數日報","歸檔","\\ycpl-server\a02_電商部\03_平台管理\Online_Platform_Data\01_Shopee\04_Report_Output\png\店家訂單數日報_統計20260801-20260831_產出20260810_101817.png","\\ycpl-server\a02_電商部\03_平台管理\Online_Platform_Data\01_Shopee\04_Report_Output\png\01_LINE已發歸檔\2026年08月\店家訂單數日報_統計20260801-20260831_產出20260810_101817.png","20260801","20260831","20260810_101817","405860","成功",""
"2026-09-04 11:03:20","店家訂單數日報","歸檔","\\ycpl-server\a02_電商部\03_平台管理\Online_Platform_Data\01_Shopee\04_Report_Output\png\店家訂單數日報_統計20260801-20260831_產出20260810_103630.png","\\ycpl-server\a02_電商部\03_平台管理\Online_Platform_Data\01_Shopee\04_Report_Output\png\01_LINE已發歸檔\2026年08月\店家訂單數日報_統計20260801-20260831_產出20260810_103630.png","20260801","20260831","20260810_103630","405449","成功",""
"2026-09-04 11:03:20","店家訂單數日報","歸檔","\\ycpl-server\a02_電商部\03_平台管理\Online_Platform_Data\01_Shopee\04_Report_Output\png\店家訂單數日報_統計20260801-20260831_產出20260810_104726.png","\\ycpl-server\a02_電商部\03_平台管理\Online_Platform_Data\01_Shopee\04_Report_Output\png\01_LINE已發歸檔\2026年08月\店家訂單數日報_統計20260801-20260831_產出20260810_104726.png","20260801","20260831","20260810_104726","405886","成功",""
"2026-09-04 11:03:20","店家訂單數日報","歸檔","\\ycpl-server\a02_電商部\03_平台管理\Online_Platform_Data\01_Shopee\04_Report_Output\png\店家訂單數日報_統計20260801-20260831_產出20260810_150504.png","\\ycpl-server\a02_電商部\03_平台管理\Online_Platform_Data\01_Shopee\04_Report_Output\png\01_LINE已發歸檔\2026年08月\店家訂單數日報_統計20260801-20260831_產出20260810_150504.png","20260801","20260831","20260810_150504","405612","成功",""
"2026-09-04 11:03:20","店家訂單數日報","歸檔","\\ycpl-server\a02_電商部\03_平台管理\Online_Platform_Data\01_Shopee\04_Report_Output\png\店家訂單數日報_統計20260801-20260831_產出20260810_153321.png","\\ycpl-server\a02_電商部\03_平台管理\Online_Platform_Data\01_Shopee\04_Report_Output\png\01_LINE已發歸檔\2026年08月\店家訂單數日報_統計20260801-20260831_產出20260810_153321.png","20260801","20260831","20260810_153321","405624","成功",""
"2026-09-04 11:03:20","店家訂單數日報","歸檔","\\ycpl-server\a02_電商部\03_平台管理\Online_Platform_Data\01_Shopee\04_Report_Output\png\店家訂單數日報_統計20260801-20260831_產出20260810_164101.png","\\ycpl-server\a02_電商部\03_平台管理\Online_Platform_Data\01_Shopee\04_Report_Output\png\01_LINE已發歸檔\2026年08月\店家訂單數日報_統計20260801-20260831_產出20260810_164101.png","20260801","20260831","20260810_164101","405652","成功",""
"2026-09-04 11:03:20","店家訂單數日報","歸檔","\\ycpl-server\a02_電商部\03_平台管理\Online_Platform_Data\01_Shopee\04_Report_Output\png\店家訂單數日報_統計20260801-20260831_產出20260811_101947.png","\\ycpl-server\a02_電商部\03_平台管理\Online_Platform_Data\01_Shopee\04_Report_Output\png\01_LINE已發歸檔\2026年08月\店家訂單數日報_統計20260801-20260831_產出20260811_101947.png","20260801","20260831","20260811_101947","410121","成功",""
"2026-09-04 11:03:20","店家訂單數日報","歸檔","\\ycpl-server\a02_電商部\03_平台管理\Online_Platform_Data\01_Shopee\04_Report_Output\png\店家訂單數日報_統計20260801-20260831_產出20260812_102944.png","\\ycpl-server\a02_電商部\03_平台管理\Online_Platform_Data\01_Shopee\04_Report_Output\png\01_LINE已發歸檔\2026年08月\店家訂單數日報_統計20260801-20260831_產出20260812_102944.png","20260801","20260831","20260812_102944","415201","成功",""
"2026-09-04 11:03:20","店家訂單數日報","歸檔","\\ycpl-server\a02_電商部\03_平台管理\Online_Platform_Data\01_Shopee\04_Report_Output\png\店家訂單數日報_統計20260801-20260831_產出20260812_114527.png","\\ycpl-server\a02_電商部\03_平台管理\Online_Platform_Data\01_Shopee\04_Report_Output\png\01_LINE已發歸檔\2026年08月\店家訂單數日報_統計20260801-20260831_產出20260812_114527.png","20260801","20260831","20260812_114527","415113","成功",""
"2026-09-04 11:03:20","店家訂單數日報","歸檔","\\ycpl-server\a02_電商部\03_平台管理\Online_Platform_Data\01_Shopee\04_Report_Output\png\店家訂單數日報_統計20260801-20260831_產出20260812_155258.png","\\ycpl-server\a02_電商部\03_平台管理\Online_Platform_Data\01_Shopee\04_Report_Output\png\01_LINE已發歸檔\2026年08月\店家訂單數日報_統計20260801-20260831_產出20260812_155258.png","20260801","20260831","20260812_155258","415191","成功",""
"2026-09-04 11:03:20","店家訂單數日報","歸檔","\\ycpl-server\a02_電商部\03_平台管理\Online_Platform_Data\01_Shopee\04_Report_Output\png\店家訂單數日報_統計20260801-20260831_產出20260813_102731.png","\\ycpl-server\a02_電商部\03_平台管理\Online_Platform_Data\01_Shopee\04_Report_Output\png\01_LINE已發歸檔\2026年08月\店家訂單數日報_統計20260801-20260831_產出20260813_102731.png","20260801","20260831","20260813_102731","418221","成功",""
"2026-09-04 11:03:20","店家訂單數日報","歸檔","\\ycpl-server\a02_電商部\03_平台管理\Online_Platform_Data\01_Shopee\04_Report_Output\png\店家訂單數日報_統計20260801-20260831_產出20260813_170538.png","\\ycpl-server\a02_電商部\03_平台管理\Online_Platform_Data\01_Shopee\04_Report_Output\png\01_LINE已發歸檔\2026年08月\店家訂單數日報_統計20260801-20260831_產出20260813_170538.png","20260801","20260831","20260813_170538","418403","成功",""
"2026-09-04 11:03:20","店家訂單數日報","歸檔","\\ycpl-server\a02_電商部\03_平台管理\Online_Platform_Data\01_Shopee\04_Report_Output\png\店家訂單數日報_統計20260801-20260831_產出20260814_101059.png","\\ycpl-server\a02_電商部\03_平台管理\Online_Platform_Data\01_Shopee\04_Report_Output\png\01_LINE已發歸檔\2026年08月\店家訂單數日報_統計20260801-20260831_產出20260814_101059.png","20260801","20260831","20260814_101059","422559","成功",""
"2026-09-04 11:03:20","店家訂單數日報","歸檔","\\ycpl-server\a02_電商部\03_平台管理\Online_Platform_Data\01_Shopee\04_Report_Output\png\店家訂單數日報_統計20260801-20260831_產出20260814_154815.png","\\ycpl-server\a02_電商部\03_平台管理\Online_Platform_Data\01_Shopee\04_Report_Output\png\01_LINE已發歸檔\2026年08月\店家訂單數日報_統計20260801-20260831_產出20260814_154815.png","20260801","20260831","20260814_154815","422969","成功",""
"2026-09-04 11:03:20","店家訂單數日報","歸檔","\\ycpl-server\a02_電商部\03_平台管理\Online_Platform_Data\01_Shopee\04_Report_Output\png\店家訂單數日報_統計20260801-20260831_產出20260817_103042.png","\\ycpl-server\a02_電商部\03_平台管理\Online_Platform_Data\01_Shopee\04_Report_Output\png\01_LINE已發歸檔\2026年08月\店家訂單數日報_統計20260801-20260831_產出20260817_103042.png","20260801","20260831","20260817_103042","435684","成功",""
"2026-09-04 11:03:20","店家訂單數日報","歸檔","\\ycpl-server\a02_電商部\03_平台管理\Online_Platform_Data\01_Shopee\04_Report_Output\png\店家訂單數日報_統計20260801-20260831_產出20260817_103813.png","\\ycpl-server\a02_電商部\03_平台管理\Online_Platform_Data\01_Shopee\04_Report_Output\png\01_LINE已發歸檔\2026年08月\店家訂單數日報_統計20260801-20260831_產出20260817_103813.png","20260801","20260831","20260817_103813","435699","成功",""
"2026-09-04 11:03:20","店家訂單數日報","歸檔","\\ycpl-server\a02_電商部\03_平台管理\Online_Platform_Data\01_Shopee\04_Report_Output\png\店家訂單數日報_統計20260801-20260831_產出20260817_105833.png","\\ycpl-server\a02_電商部\03_平台管理\Online_Platform_Data\01_Shopee\04_Report_Output\png\01_LINE已發歸檔\2026年08月\店家訂單數日報_統計20260801-20260831_產出20260817_105833.png","20260801","20260831","20260817_105833","437916","成功",""
"2026-09-04 11:03:20","店家訂單數日報","歸檔","\\ycpl-server\a02_電商部\03_平台管理\Online_Platform_Data\01_Shopee\04_Report_Output\png\店家訂單數日報_統計20260801-20260831_產出20260817_151333.png","\\ycpl-server\a02_電商部\03_平台管理\Online_Platform_Data\01_Shopee\04_Report_Output\png\01_LINE已發歸檔\2026年08月\店家訂單數日報_統計20260801-20260831_產出20260817_151333.png","20260801","20260831","20260817_151333","437875","成功",""
"2026-09-04 11:03:20","店家訂單數日報","歸檔","\\ycpl-server\a02_電商部\03_平台管理\Online_Platform_Data\01_Shopee\04_Report_Output\png\店家訂單數日報_統計20260801-20260831_產出20260817_151912.png","\\ycpl-server\a02_電商部\03_平台管理\Online_Platform_Data\01_Shopee\04_Report_Output\png\01_LINE已發歸檔\2026年08月\店家訂單數日報_統計20260801-20260831_產出20260817_151912.png","20260801","20260831","20260817_151912","438218","成功",""
"2026-09-04 11:03:20","店家訂單數日報","歸檔","\\ycpl-server\a02_電商部\03_平台管理\Online_Platform_Data\01_Shopee\04_Report_Output\png\店家訂單數日報_統計20260801-20260831_產出20260817_153706.png","\\ycpl-server\a02_電商部\03_平台管理\Online_Platform_Data\01_Shopee\04_Report_Output\png\01_LINE已發歸檔\2026年08月\店家訂單數日報_統計20260801-20260831_產出20260817_153706.png","20260801","20260831","20260817_153706","438235","成功",""
"2026-09-04 11:03:20","店家訂單數日報","歸檔","\\ycpl-server\a02_電商部\03_平台管理\Online_Platform_Data\01_Shopee\04_Report_Output\png\店家訂單數日報_統計20260801-20260831_產出20260817_162033.png","\\ycpl-server\a02_電商部\03_平台管理\Online_Platform_Data\01_Shopee\04_Report_Output\png\01_LINE已發歸檔\2026年08月\店家訂單數日報_統計20260801-20260831_產出20260817_162033.png","20260801","20260831","20260817_162033","437582","成功",""
"2026-09-04 11:03:20","店家訂單數日報","歸檔","\\ycpl-server\a02_電商部\03_平台管理\Online_Platform_Data\01_Shopee\04_Report_Output\png\店家訂單數日報_統計20260801-20260831_產出20260818_102204.png","\\ycpl-server\a02_電商部\03_平台管理\Online_Platform_Data\01_Shopee\04_Report_Output\png\01_LINE已發歸檔\2026年08月\店家訂單數日報_統計20260801-20260831_產出20260818_102204.png","20260801","20260831","20260818_102204","442623","成功",""
"2026-09-04 11:03:20","店家訂單數日報","歸檔","\\ycpl-server\a02_電商部\03_平台管理\Online_Platform_Data\01_Shopee\04_Report_Output\png\店家訂單數日報_統計20260801-20260831_產出20260818_102856.png","\\ycpl-server\a02_電商部\03_平台管理\Online_Platform_Data\01_Shopee\04_Report_Output\png\01_LINE已發歸檔\2026年08月\店家訂單數日報_統計20260801-20260831_產出20260818_102856.png","20260801","20260831","20260818_102856","442660","成功",""
"2026-09-04 11:03:20","店家訂單數日報","歸檔","\\ycpl-server\a02_電商部\03_平台管理\Online_Platform_Data\01_Shopee\04_Report_Output\png\店家訂單數日報_統計20260801-20260831_產出20260818_154849.png","\\ycpl-server\a02_電商部\03_平台管理\Online_Platform_Data\01_Shopee\04_Report_Output\png\01_LINE已發歸檔\2026年08月\店家訂單數日報_統計20260801-20260831_產出20260818_154849.png","20260801","20260831","20260818_154849","443246","成功",""
"2026-09-04 11:03:20","店家訂單數日報","歸檔","\\ycpl-server\a02_電商部\03_平台管理\Online_Platform_Data\01_Shopee\04_Report_Output\png\店家訂單數日報_統計20260801-20260831_產出20260818_161458.png","\\ycpl-server\a02_電商部\03_平台管理\Online_Platform_Data\01_Shopee\04_Report_Output\png\01_LINE已發歸檔\2026年08月\店家訂單數日報_統計20260801-20260831_產出20260818_161458.png","20260801","20260831","20260818_161458","442971","成功",""
"2026-09-04 11:03:20","店家訂單數日報","歸檔","\\ycpl-server\a02_電商部\03_平台管理\Online_Platform_Data\01_Shopee\04_Report_Output\png\店家訂單數日報_統計20260801-20260831_產出20260818_162225.png","\\ycpl-server\a02_電商部\03_平台管理\Online_Platform_Data\01_Shopee\04_Report_Output\png\01_LINE已發歸檔\2026年08月\店家訂單數日報_統計20260801-20260831_產出20260818_162225.png","20260801","20260831","20260818_162225","443038","成功",""
"2026-09-04 11:03:20","店家訂單數日報","歸檔","\\ycpl-server\a02_電商部\03_平台管理\Online_Platform_Data\01_Shopee\04_Report_Output\png\店家訂單數日報_統計20260801-20260831_產出20260819_102348.png","\\ycpl-server\a02_電商部\03_平台管理\Online_Platform_Data\01_Shopee\04_Report_Output\png\01_LINE已發歸檔\2026年08月\店家訂單數日報_統計20260801-20260831_產出20260819_102348.png","20260801","20260831","20260819_102348","445719","成功",""
"2026-09-04 11:03:20","店家訂單數日報","歸檔","\\ycpl-server\a02_電商部\03_平台管理\Online_Platform_Data\01_Shopee\04_Report_Output\png\店家訂單數日報_統計20260801-20260831_產出20260819_103016.png","\\ycpl-server\a02_電商部\03_平台管理\Online_Platform_Data\01_Shopee\04_Report_Output\png\01_LINE已發歸檔\2026年08月\店家訂單數日報_統計20260801-20260831_產出20260819_103016.png","20260801","20260831","20260819_103016","446120","成功",""
"2026-09-04 11:03:20","店家訂單數日報","歸檔","\\ycpl-server\a02_電商部\03_平台管理\Online_Platform_Data\01_Shopee\04_Report_Output\png\店家訂單數日報_統計20260801-20260831_產出20260819_103730.png","\\ycpl-server\a02_電商部\03_平台管理\Online_Platform_Data\01_Shopee\04_Report_Output\png\01_LINE已發歸檔\2026年08月\店家訂單數日報_統計20260801-20260831_產出20260819_103730.png","20260801","20260831","20260819_103730","445812","成功",""
"2026-09-04 11:03:20","店家訂單數日報","歸檔","\\ycpl-server\a02_電商部\03_平台管理\Online_Platform_Data\01_Shopee\04_Report_Output\png\店家訂單數日報_統計20260801-20260831_產出20260819_104656.png","\\ycpl-server\a02_電商部\03_平台管理\Online_Platform_Data\01_Shopee\04_Report_Output\png\01_LINE已發歸檔\2026年08月\店家訂單數日報_統計20260801-20260831_產出20260819_104656.png","20260801","20260831","20260819_104656","446134","成功",""
"2026-09-04 11:03:20","店家訂單數日報","歸檔","\\ycpl-server\a02_電商部\03_平台管理\Online_Platform_Data\01_Shopee\04_Report_Output\png\店家訂單數日報_統計20260801-20260831_產出20260819_160803.png","\\ycpl-server\a02_電商部\03_平台管理\Online_Platform_Data\01_Shopee\04_Report_Output\png\01_LINE已發歸檔\2026年08月\店家訂單數日報_統計20260801-20260831_產出20260819_160803.png","20260801","20260831","20260819_160803","445807","成功",""
"2026-09-04 11:03:20","店家訂單數日報","歸檔","\\ycpl-server\a02_電商部\03_平台管理\Online_Platform_Data\01_Shopee\04_Report_Output\png\店家訂單數日報_統計20260801-20260831_產出20260820_101757.png","\\ycpl-server\a02_電商部\03_平台管理\Online_Platform_Data\01_Shopee\04_Report_Output\png\01_LINE已發歸檔\2026年08月\店家訂單數日報_統計20260801-20260831_產出20260820_101757.png","20260801","20260831","20260820_101757","448800","成功",""
"2026-09-04 11:03:21","店家訂單數日報","歸檔","\\ycpl-server\a02_電商部\03_平台管理\Online_Platform_Data\01_Shopee\04_Report_Output\png\店家訂單數日報_統計20260801-20260831_產出20260820_102736.png","\\ycpl-server\a02_電商部\03_平台管理\Online_Platform_Data\01_Shopee\04_Report_Output\png\01_LINE已發歸檔\2026年08月\店家訂單數日報_統計20260801-20260831_產出20260820_102736.png","20260801","20260831","20260820_102736","448743","成功",""
"2026-09-04 11:03:21","店家訂單數日報","歸檔","\\ycpl-server\a02_電商部\03_平台管理\Online_Platform_Data\01_Shopee\04_Report_Output\png\店家訂單數日報_統計20260801-20260831_產出20260820_104437.png","\\ycpl-server\a02_電商部\03_平台管理\Online_Platform_Data\01_Shopee\04_Report_Output\png\01_LINE已發歸檔\2026年08月\店家訂單數日報_統計20260801-20260831_產出20260820_104437.png","20260801","20260831","20260820_104437","448779","成功",""
"2026-09-04 11:03:21","店家訂單數日報","歸檔","\\ycpl-server\a02_電商部\03_平台管理\Online_Platform_Data\01_Shopee\04_Report_Output\png\店家訂單數日報_統計20260801-20260831_產出20260820_105650.png","\\ycpl-server\a02_電商部\03_平台管理\Online_Platform_Data\01_Shopee\04_Report_Output\png\01_LINE已發歸檔\2026年08月\店家訂單數日報_統計20260801-20260831_產出20260820_105650.png","20260801","20260831","20260820_105650","448923","成功",""
"2026-09-04 11:03:21","店家訂單數日報","歸檔","\\ycpl-server\a02_電商部\03_平台管理\Online_Platform_Data\01_Shopee\04_Report_Output\png\店家訂單數日報_統計20260801-20260831_產出20260820_163956.png","\\ycpl-server\a02_電商部\03_平台管理\Online_Platform_Data\01_Shopee\04_Report_Output\png\01_LINE已發歸檔\2026年08月\店家訂單數日報_統計20260801-20260831_產出20260820_163956.png","20260801","20260831","20260820_163956","449239","成功",""
"2026-09-04 11:03:21","店家訂單數日報","歸檔","\\ycpl-server\a02_電商部\03_平台管理\Online_Platform_Data\01_Shopee\04_Report_Output\png\店家訂單數日報_統計20260801-20260831_產出20260821_103536.png","\\ycpl-server\a02_電商部\03_平台管理\Online_Platform_Data\01_Shopee\04_Report_Output\png\01_LINE已發歸檔\2026年08月\店家訂單數日報_統計20260801-20260831_產出20260821_103536.png","20260801","20260831","20260821_103536","454962","成功",""
"2026-09-04 11:03:21","店家訂單數日報","歸檔","\\ycpl-server\a02_電商部\03_平台管理\Online_Platform_Data\01_Shopee\04_Report_Output\png\店家訂單數日報_統計20260801-20260831_產出20260824_103638.png","\\ycpl-server\a02_電商部\03_平台管理\Online_Platform_Data\01_Shopee\04_Report_Output\png\01_LINE已發歸檔\2026年08月\店家訂單數日報_統計20260801-20260831_產出20260824_103638.png","20260801","20260831","20260824_103638","466178","成功",""
"2026-09-04 11:03:21","店家訂單數日報","歸檔","\\ycpl-server\a02_電商部\03_平台管理\Online_Platform_Data\01_Shopee\04_Report_Output\png\店家訂單數日報_統計20260801-20260831_產出20260824_112044.png","\\ycpl-server\a02_電商部\03_平台管理\Online_Platform_Data\01_Shopee\04_Report_Output\png\01_LINE已發歸檔\2026年08月\店家訂單數日報_統計20260801-20260831_產出20260824_112044.png","20260801","20260831","20260824_112044","465799","成功",""
"2026-09-04 11:03:21","店家訂單數日報","歸檔","\\ycpl-server\a02_電商部\03_平台管理\Online_Platform_Data\01_Shopee\04_Report_Output\png\店家訂單數日報_統計20260801-20260831_產出20260824_171044.png","\\ycpl-server\a02_電商部\03_平台管理\Online_Platform_Data\01_Shopee\04_Report_Output\png\01_LINE已發歸檔\2026年08月\店家訂單數日報_統計20260801-20260831_產出20260824_171044.png","20260801","20260831","20260824_171044","466135","成功",""
"2026-09-04 11:03:21","店家訂單數日報","歸檔","\\ycpl-server\a02_電商部\03_平台管理\Online_Platform_Data\01_Shopee\04_Report_Output\png\店家訂單數日報_統計20260801-20260831_產出20260825_102400.png","\\ycpl-server\a02_電商部\03_平台管理\Online_Platform_Data\01_Shopee\04_Report_Output\png\01_LINE已發歸檔\2026年08月\店家訂單數日報_統計20260801-20260831_產出20260825_102400.png","20260801","20260831","20260825_102400","470108","成功",""
"2026-09-04 11:03:21","店家訂單數日報","歸檔","\\ycpl-server\a02_電商部\03_平台管理\Online_Platform_Data\01_Shopee\04_Report_Output\png\店家訂單數日報_統計20260801-20260831_產出20260826_100956.png","\\ycpl-server\a02_電商部\03_平台管理\Online_Platform_Data\01_Shopee\04_Report_Output\png\01_LINE已發歸檔\2026年08月\店家訂單數日報_統計20260801-20260831_產出20260826_100956.png","20260801","20260831","20260826_100956","472240","成功",""
"2026-09-04 11:03:21","店家訂單數日報","歸檔","\\ycpl-server\a02_電商部\03_平台管理\Online_Platform_Data\01_Shopee\04_Report_Output\png\店家訂單數日報_統計20260801-20260831_產出20260826_102117.png","\\ycpl-server\a02_電商部\03_平台管理\Online_Platform_Data\01_Shopee\04_Report_Output\png\01_LINE已發歸檔\2026年08月\店家訂單數日報_統計20260801-20260831_產出20260826_102117.png","20260801","20260831","20260826_102117","472813","成功",""
"2026-09-04 11:03:21","店家訂單數日報","歸檔","\\ycpl-server\a02_電商部\03_平台管理\Online_Platform_Data\01_Shopee\04_Report_Output\png\店家訂單數日報_統計20260801-20260831_產出20260826_162759.png","\\ycpl-server\a02_電商部\03_平台管理\Online_Platform_Data\01_Shopee\04_Report_Output\png\01_LINE已發歸檔\2026年08月\店家訂單數日報_統計20260801-20260831_產出20260826_162759.png","20260801","20260831","20260826_162759","472209","成功",""
"2026-09-04 11:03:21","店家訂單數日報","歸檔","\\ycpl-server\a02_電商部\03_平台管理\Online_Platform_Data\01_Shopee\04_Report_Output\png\店家訂單數日報_統計20260801-20260831_產出20260826_173254.png","\\ycpl-server\a02_電商部\03_平台管理\Online_Platform_Data\01_Shopee\04_Report_Output\png\01_LINE已發歸檔\2026年08月\店家訂單數日報_統計20260801-20260831_產出20260826_173254.png","20260801","20260831","20260826_173254","472729","成功",""
"2026-09-04 11:03:21","店家訂單數日報","歸檔","\\ycpl-server\a02_電商部\03_平台管理\Online_Platform_Data\01_Shopee\04_Report_Output\png\店家訂單數日報_統計20260801-20260831_產出20260827_102131.png","\\ycpl-server\a02_電商部\03_平台管理\Online_Platform_Data\01_Shopee\04_Report_Output\png\01_LINE已發歸檔\2026年08月\店家訂單數日報_統計20260801-20260831_產出20260827_102131.png","20260801","20260831","20260827_102131","477314","成功",""
"2026-09-04 11:03:21","店家訂單數日報","歸檔","\\ycpl-server\a02_電商部\03_平台管理\Online_Platform_Data\01_Shopee\04_Report_Output\png\店家訂單數日報_統計20260801-20260831_產出20260827_155038.png","\\ycpl-server\a02_電商部\03_平台管理\Online_Platform_Data\01_Shopee\04_Report_Output\png\01_LINE已發歸檔\2026年08月\店家訂單數日報_統計20260801-20260831_產出20260827_155038.png","20260801","20260831","20260827_155038","477687","成功",""
"2026-09-04 11:03:21","店家訂單數日報","歸檔","\\ycpl-server\a02_電商部\03_平台管理\Online_Platform_Data\01_Shopee\04_Report_Output\png\店家訂單數日報_統計20260801-20260831_產出20260828_101258.png","\\ycpl-server\a02_電商部\03_平台管理\Online_Platform_Data\01_Shopee\04_Report_Output\png\01_LINE已發歸檔\2026年08月\店家訂單數日報_統計20260801-20260831_產出20260828_101258.png","20260801","20260831","20260828_101258","479489","成功",""
"2026-09-04 11:03:21","店家訂單數日報","歸檔","\\ycpl-server\a02_電商部\03_平台管理\Online_Platform_Data\01_Shopee\04_Report_Output\png\店家訂單數日報_統計20260801-20260831_產出20260828_101905.png","\\ycpl-server\a02_電商部\03_平台管理\Online_Platform_Data\01_Shopee\04_Report_Output\png\01_LINE已發歸檔\2026年08月\店家訂單數日報_統計20260801-20260831_產出20260828_101905.png","20260801","20260831","20260828_101905","480909","成功",""
"2026-09-04 11:03:21","店家訂單數日報","歸檔","\\ycpl-server\a02_電商部\03_平台管理\Online_Platform_Data\01_Shopee\04_Report_Output\png\店家訂單數日報_統計20260801-20260831_產出20260828_161857.png","\\ycpl-server\a02_電商部\03_平台管理\Online_Platform_Data\01_Shopee\04_Report_Output\png\01_LINE已發歸檔\2026年08月\店家訂單數日報_統計20260801-20260831_產出20260828_161857.png","20260801","20260831","20260828_161857","480720","成功",""
"2026-09-04 11:03:21","店家訂單數日報","歸檔","\\ycpl-server\a02_電商部\03_平台管理\Online_Platform_Data\01_Shopee\04_Report_Output\png\店家訂單數日報_統計20260801-20260831_產出20260831_102521.png","\\ycpl-server\a02_電商部\03_平台管理\Online_Platform_Data\01_Shopee\04_Report_Output\png\01_LINE已發歸檔\2026年08月\店家訂單數日報_統計20260801-20260831_產出20260831_102521.png","20260801","20260831","20260831_102521","491108","成功",""
"2026-09-04 11:03:21","店家訂單數日報","歸檔","\\ycpl-server\a02_電商部\03_平台管理\Online_Platform_Data\01_Shopee\04_Report_Output\png\店家訂單數日報_統計20260801-20260831_產出20260831_163553.png","\\ycpl-server\a02_電商部\03_平台管理\Online_Platform_Data\01_Shopee\04_Report_Output\png\01_LINE已發歸檔\2026年08月\店家訂單數日報_統計20260801-20260831_產出20260831_163553.png","20260801","20260831","20260831_163553","491377","成功",""
"2026-09-04 11:03:21","店家訂單數日報","歸檔","\\ycpl-server\a02_電商部\03_平台管理\Online_Platform_Data\01_Shopee\04_Report_Output\png\店家訂單數日報_統計20260801-20260831_產出20260901_101849.png","\\ycpl-server\a02_電商部\03_平台管理\Online_Platform_Data\01_Shopee\04_Report_Output\png\01_LINE已發歸檔\2026年09月\店家訂單數日報_統計20260801-20260831_產出20260901_101849.png","20260801","20260831","20260901_101849","489979","成功",""
"2026-09-04 11:03:21","店家訂單數日報","歸檔","\\ycpl-server\a02_電商部\03_平台管理\Online_Platform_Data\01_Shopee\04_Report_Output\png\店家訂單數日報_統計20260815-20260915_產出20260901_102722.png","\\ycpl-server\a02_電商部\03_平台管理\Online_Platform_Data\01_Shopee\04_Report_Output\png\01_LINE已發歸檔\2026年09月\店家訂單數日報_統計20260815-20260915_產出20260901_102722.png","20260815","20260915","20260901_102722","448208","成功",""
"2026-09-04 11:03:21","店家訂單數日報","歸檔","\\ycpl-server\a02_電商部\03_平台管理\Online_Platform_Data\01_Shopee\04_Report_Output\png\店家訂單數日報_統計20260815-20260915_產出20260901_160849.png","\\ycpl-server\a02_電商部\03_平台管理\Online_Platform_Data\01_Shopee\04_Report_Output\png\01_LINE已發歸檔\2026年09月\店家訂單數日報_統計20260815-20260915_產出20260901_160849.png","20260815","20260915","20260901_160849","448269","成功",""
"2026-09-04 11:03:21","店家訂單數日報","歸檔","\\ycpl-server\a02_電商部\03_平台管理\Online_Platform_Data\01_Shopee\04_Report_Output\png\店家訂單數日報_統計20260815-20260915_產出20260902_103238.png","\\ycpl-server\a02_電商部\03_平台管理\Online_Platform_Data\01_Shopee\04_Report_Output\png\01_LINE已發歸檔\2026年09月\店家訂單數日報_統計20260815-20260915_產出20260902_103238.png","20260815","20260915","20260902_103238","453703","成功",""
"2026-09-04 11:03:21","店家訂單數日報","歸檔","\\ycpl-server\a02_電商部\03_平台管理\Online_Platform_Data\01_Shopee\04_Report_Output\png\店家訂單數日報_統計20260815-20260915_產出20260902_171121.png","\\ycpl-server\a02_電商部\03_平台管理\Online_Platform_Data\01_Shopee\04_Report_Output\png\01_LINE已發歸檔\2026年09月\店家訂單數日報_統計20260815-20260915_產出20260902_171121.png","20260815","20260915","20260902_171121","453589","成功",""
"2026-09-04 11:03:21","店家訂單數日報","歸檔","\\ycpl-server\a02_電商部\03_平台管理\Online_Platform_Data\01_Shopee\04_Report_Output\png\店家訂單數日報_統計20260815-20260915_產出20260903_101949.png","\\ycpl-server\a02_電商部\03_平台管理\Online_Platform_Data\01_Shopee\04_Report_Output\png\01_LINE已發歸檔\2026年09月\店家訂單數日報_統計20260815-20260915_產出20260903_101949.png","20260815","20260915","20260903_101949","456920","成功",""
"2026-09-04 11:03:21","店家訂單數日報","歸檔","\\ycpl-server\a02_電商部\03_平台管理\Online_Platform_Data\01_Shopee\04_Report_Output\png\店家訂單數日報_統計20260815-20260915_產出20260903_102851.png","\\ycpl-server\a02_電商部\03_平台管理\Online_Platform_Data\01_Shopee\04_Report_Output\png\01_LINE已發歸檔\2026年09月\店家訂單數日報_統計20260815-20260915_產出20260903_102851.png","20260815","20260915","20260903_102851","456704","成功",""
"2026-09-04 11:03:21","店家訂單數日報","歸檔","\\ycpl-server\a02_電商部\03_平台管理\Online_Platform_Data\01_Shopee\04_Report_Output\png\店家訂單數日報_統計20260815-20260915_產出20260903_162734.png","\\ycpl-server\a02_電商部\03_平台管理\Online_Platform_Data\01_Shopee\04_Report_Output\png\01_LINE已發歸檔\2026年09月\店家訂單數日報_統計20260815-20260915_產出20260903_162734.png","20260815","20260915","20260903_162734","456679","成功",""
"2026-09-04 11:03:21","店家訂單數日報","移至LINE待發","\\ycpl-server\a02_電商部\03_平台管理\Online_Platform_Data\01_Shopee\04_Report_Output\png\店家訂單數日報_統計20260815-20260915_產出20260904_100545.png","\\ycpl-server\a02_電商部\03_平台管理\Online_Platform_Data\01_Shopee\04_Report_Output\png\00_LINE待發\店家訂單數日報_統計20260815-20260915_產出20260904_100545.png","20260815","20260915","20260904_100545","461504","成功","該報表目前最新版本"
"2026-09-04 11:03:21","跨平台關注群組數量報表","歸檔","\\ycpl-server\a02_電商部\03_平台管理\Online_Platform_Data\01_Shopee\04_Report_Output\png\跨平台關注群組數量報表_20260101-20260731.png","\\ycpl-server\a02_電商部\03_平台管理\Online_Platform_Data\01_Shopee\04_Report_Output\png\01_LINE已發歸檔\2026年07月\跨平台關注群組數量報表_20260101-20260731.png","20260101","20260731","","295358","成功",""
"2026-09-04 11:03:21","跨平台關注群組數量報表","歸檔","\\ycpl-server\a02_電商部\03_平台管理\Online_Platform_Data\01_Shopee\04_Report_Output\png\跨平台關注群組數量報表_20260501-20260518.png","\\ycpl-server\a02_電商部\03_平台管理\Online_Platform_Data\01_Shopee\04_Report_Output\png\01_LINE已發歸檔\2026年05月\跨平台關注群組數量報表_20260501-20260518.png","20260501","20260518","","165938","成功",""
"2026-09-04 11:03:21","跨平台關注群組數量報表","歸檔","\\ycpl-server\a02_電商部\03_平台管理\Online_Platform_Data\01_Shopee\04_Report_Output\png\跨平台關注群組數量報表_20260501-20260519.png","\\ycpl-server\a02_電商部\03_平台管理\Online_Platform_Data\01_Shopee\04_Report_Output\png\01_LINE已發歸檔\2026年05月\跨平台關注群組數量報表_20260501-20260519.png","20260501","20260519","","166450","成功",""
"2026-09-04 11:03:21","跨平台關注群組數量報表","歸檔","\\ycpl-server\a02_電商部\03_平台管理\Online_Platform_Data\01_Shopee\04_Report_Output\png\跨平台關注群組數量報表_20260501-20260520.png","\\ycpl-server\a02_電商部\03_平台管理\Online_Platform_Data\01_Shopee\04_Report_Output\png\01_LINE已發歸檔\2026年05月\跨平台關注群組數量報表_20260501-20260520.png","20260501","20260520","","164970","成功",""
"2026-09-04 11:03:21","跨平台關注群組數量報表","歸檔","\\ycpl-server\a02_電商部\03_平台管理\Online_Platform_Data\01_Shopee\04_Report_Output\png\跨平台關注群組數量報表_20260501-20260521.png","\\ycpl-server\a02_電商部\03_平台管理\Online_Platform_Data\01_Shopee\04_Report_Output\png\01_LINE已發歸檔\2026年05月\跨平台關注群組數量報表_20260501-20260521.png","20260501","20260521","","161600","成功",""
"2026-09-04 11:03:21","跨平台關注群組數量報表","歸檔","\\ycpl-server\a02_電商部\03_平台管理\Online_Platform_Data\01_Shopee\04_Report_Output\png\跨平台關注群組數量報表_20260501-20260524.png","\\ycpl-server\a02_電商部\03_平台管理\Online_Platform_Data\01_Shopee\04_Report_Output\png\01_LINE已發歸檔\2026年05月\跨平台關注群組數量報表_20260501-20260524.png","20260501","20260524","","163611","成功",""
"2026-09-04 11:03:21","跨平台關注群組數量報表","歸檔","\\ycpl-server\a02_電商部\03_平台管理\Online_Platform_Data\01_Shopee\04_Report_Output\png\跨平台關注群組數量報表_20260501-20260525.png","\\ycpl-server\a02_電商部\03_平台管理\Online_Platform_Data\01_Shopee\04_Report_Output\png\01_LINE已發歸檔\2026年05月\跨平台關注群組數量報表_20260501-20260525.png","20260501","20260525","","160764","成功",""
"2026-09-04 11:03:22","跨平台關注群組數量報表","歸檔","\\ycpl-server\a02_電商部\03_平台管理\Online_Platform_Data\01_Shopee\04_Report_Output\png\跨平台關注群組數量報表_20260501-20260526.png","\\ycpl-server\a02_電商部\03_平台管理\Online_Platform_Data\01_Shopee\04_Report_Output\png\01_LINE已發歸檔\2026年05月\跨平台關注群組數量報表_20260501-20260526.png","20260501","20260526","","161991","成功",""
"2026-09-04 11:03:22","跨平台關注群組數量報表","歸檔","\\ycpl-server\a02_電商部\03_平台管理\Online_Platform_Data\01_Shopee\04_Report_Output\png\跨平台關注群組數量報表_20260501-20260527.png","\\ycpl-server\a02_電商部\03_平台管理\Online_Platform_Data\01_Shopee\04_Report_Output\png\01_LINE已發歸檔\2026年05月\跨平台關注群組數量報表_20260501-20260527.png","20260501","20260527","","164513","成功",""
"2026-09-04 11:03:22","跨平台關注群組數量報表","歸檔","\\ycpl-server\a02_電商部\03_平台管理\Online_Platform_Data\01_Shopee\04_Report_Output\png\跨平台關注群組數量報表_20260501-20260528.png","\\ycpl-server\a02_電商部\03_平台管理\Online_Platform_Data\01_Shopee\04_Report_Output\png\01_LINE已發歸檔\2026年05月\跨平台關注群組數量報表_20260501-20260528.png","20260501","20260528","","166423","成功",""
"2026-09-04 11:03:22","跨平台關注群組數量報表","歸檔","\\ycpl-server\a02_電商部\03_平台管理\Online_Platform_Data\01_Shopee\04_Report_Output\png\跨平台關注群組數量報表_20260501-20260531.png","\\ycpl-server\a02_電商部\03_平台管理\Online_Platform_Data\01_Shopee\04_Report_Output\png\01_LINE已發歸檔\2026年05月\跨平台關注群組數量報表_20260501-20260531.png","20260501","20260531","","164476","成功",""
"2026-09-04 11:03:22","跨平台關注群組數量報表","歸檔","\\ycpl-server\a02_電商部\03_平台管理\Online_Platform_Data\01_Shopee\04_Report_Output\png\跨平台關注群組數量報表_20260601-20260601.png","\\ycpl-server\a02_電商部\03_平台管理\Online_Platform_Data\01_Shopee\04_Report_Output\png\01_LINE已發歸檔\2026年06月\跨平台關注群組數量報表_20260601-20260601.png","20260601","20260601","","119549","成功",""
"2026-09-04 11:03:22","跨平台關注群組數量報表","歸檔","\\ycpl-server\a02_電商部\03_平台管理\Online_Platform_Data\01_Shopee\04_Report_Output\png\跨平台關注群組數量報表_20260601-20260602.png","\\ycpl-server\a02_電商部\03_平台管理\Online_Platform_Data\01_Shopee\04_Report_Output\png\01_LINE已發歸檔\2026年06月\跨平台關注群組數量報表_20260601-20260602.png","20260601","20260602","","139436","成功",""
"2026-09-04 11:03:22","跨平台關注群組數量報表","歸檔","\\ycpl-server\a02_電商部\03_平台管理\Online_Platform_Data\01_Shopee\04_Report_Output\png\跨平台關注群組數量報表_20260601-20260603.png","\\ycpl-server\a02_電商部\03_平台管理\Online_Platform_Data\01_Shopee\04_Report_Output\png\01_LINE已發歸檔\2026年06月\跨平台關注群組數量報表_20260601-20260603.png","20260601","20260603","","140409","成功",""
"2026-09-04 11:03:22","跨平台關注群組數量報表","歸檔","\\ycpl-server\a02_電商部\03_平台管理\Online_Platform_Data\01_Shopee\04_Report_Output\png\跨平台關注群組數量報表_20260601-20260604.png","\\ycpl-server\a02_電商部\03_平台管理\Online_Platform_Data\01_Shopee\04_Report_Output\png\01_LINE已發歸檔\2026年06月\跨平台關注群組數量報表_20260601-20260604.png","20260601","20260604","","206825","成功",""
"2026-09-04 11:03:22","跨平台關注群組數量報表","歸檔","\\ycpl-server\a02_電商部\03_平台管理\Online_Platform_Data\01_Shopee\04_Report_Output\png\跨平台關注群組數量報表_20260601-20260607.png","\\ycpl-server\a02_電商部\03_平台管理\Online_Platform_Data\01_Shopee\04_Report_Output\png\01_LINE已發歸檔\2026年06月\跨平台關注群組數量報表_20260601-20260607.png","20260601","20260607","","216974","成功",""
"2026-09-04 11:03:22","跨平台關注群組數量報表","歸檔","\\ycpl-server\a02_電商部\03_平台管理\Online_Platform_Data\01_Shopee\04_Report_Output\png\跨平台關注群組數量報表_20260601-20260608.png","\\ycpl-server\a02_電商部\03_平台管理\Online_Platform_Data\01_Shopee\04_Report_Output\png\01_LINE已發歸檔\2026年06月\跨平台關注群組數量報表_20260601-20260608.png","20260601","20260608","","220915","成功",""
"2026-09-04 11:03:22","跨平台關注群組數量報表","歸檔","\\ycpl-server\a02_電商部\03_平台管理\Online_Platform_Data\01_Shopee\04_Report_Output\png\跨平台關注群組數量報表_20260601-20260609.png","\\ycpl-server\a02_電商部\03_平台管理\Online_Platform_Data\01_Shopee\04_Report_Output\png\01_LINE已發歸檔\2026年06月\跨平台關注群組數量報表_20260601-20260609.png","20260601","20260609","","234466","成功",""
"2026-09-04 11:03:22","跨平台關注群組數量報表","歸檔","\\ycpl-server\a02_電商部\03_平台管理\Online_Platform_Data\01_Shopee\04_Report_Output\png\跨平台關注群組數量報表_20260601-20260610.png","\\ycpl-server\a02_電商部\03_平台管理\Online_Platform_Data\01_Shopee\04_Report_Output\png\01_LINE已發歸檔\2026年06月\跨平台關注群組數量報表_20260601-20260610.png","20260601","20260610","","233554","成功",""
"2026-09-04 11:03:22","跨平台關注群組數量報表","歸檔","\\ycpl-server\a02_電商部\03_平台管理\Online_Platform_Data\01_Shopee\04_Report_Output\png\跨平台關注群組數量報表_20260601-20260611.png","\\ycpl-server\a02_電商部\03_平台管理\Online_Platform_Data\01_Shopee\04_Report_Output\png\01_LINE已發歸檔\2026年06月\跨平台關注群組數量報表_20260601-20260611.png","20260601","20260611","","234865","成功",""
"2026-09-04 11:03:22","跨平台關注群組數量報表","歸檔","\\ycpl-server\a02_電商部\03_平台管理\Online_Platform_Data\01_Shopee\04_Report_Output\png\跨平台關注群組數量報表_20260601-20260614.png","\\ycpl-server\a02_電商部\03_平台管理\Online_Platform_Data\01_Shopee\04_Report_Output\png\01_LINE已發歸檔\2026年06月\跨平台關注群組數量報表_20260601-20260614.png","20260601","20260614","","245914","成功",""
"2026-09-04 11:03:22","跨平台關注群組數量報表","歸檔","\\ycpl-server\a02_電商部\03_平台管理\Online_Platform_Data\01_Shopee\04_Report_Output\png\跨平台關注群組數量報表_20260601-20260615.png","\\ycpl-server\a02_電商部\03_平台管理\Online_Platform_Data\01_Shopee\04_Report_Output\png\01_LINE已發歸檔\2026年06月\跨平台關注群組數量報表_20260601-20260615.png","20260601","20260615","","247629","成功",""
"2026-09-04 11:03:22","跨平台關注群組數量報表","歸檔","\\ycpl-server\a02_電商部\03_平台管理\Online_Platform_Data\01_Shopee\04_Report_Output\png\跨平台關注群組數量報表_20260601-20260616.png","\\ycpl-server\a02_電商部\03_平台管理\Online_Platform_Data\01_Shopee\04_Report_Output\png\01_LINE已發歸檔\2026年06月\跨平台關注群組數量報表_20260601-20260616.png","20260601","20260616","","246167","成功",""
"2026-09-04 11:03:22","跨平台關注群組數量報表","歸檔","\\ycpl-server\a02_電商部\03_平台管理\Online_Platform_Data\01_Shopee\04_Report_Output\png\跨平台關注群組數量報表_20260601-20260617.png","\\ycpl-server\a02_電商部\03_平台管理\Online_Platform_Data\01_Shopee\04_Report_Output\png\01_LINE已發歸檔\2026年06月\跨平台關注群組數量報表_20260601-20260617.png","20260601","20260617","","248959","成功",""
"2026-09-04 11:03:22","跨平台關注群組數量報表","歸檔","\\ycpl-server\a02_電商部\03_平台管理\Online_Platform_Data\01_Shopee\04_Report_Output\png\跨平台關注群組數量報表_20260601-20260621.png","\\ycpl-server\a02_電商部\03_平台管理\Online_Platform_Data\01_Shopee\04_Report_Output\png\01_LINE已發歸檔\2026年06月\跨平台關注群組數量報表_20260601-20260621.png","20260601","20260621","","245527","成功",""
"2026-09-04 11:03:22","跨平台關注群組數量報表","歸檔","\\ycpl-server\a02_電商部\03_平台管理\Online_Platform_Data\01_Shopee\04_Report_Output\png\跨平台關注群組數量報表_20260601-20260622.png","\\ycpl-server\a02_電商部\03_平台管理\Online_Platform_Data\01_Shopee\04_Report_Output\png\01_LINE已發歸檔\2026年06月\跨平台關注群組數量報表_20260601-20260622.png","20260601","20260622","","246442","成功",""
"2026-09-04 11:03:22","跨平台關注群組數量報表","歸檔","\\ycpl-server\a02_電商部\03_平台管理\Online_Platform_Data\01_Shopee\04_Report_Output\png\跨平台關注群組數量報表_20260601-20260623.png","\\ycpl-server\a02_電商部\03_平台管理\Online_Platform_Data\01_Shopee\04_Report_Output\png\01_LINE已發歸檔\2026年06月\跨平台關注群組數量報表_20260601-20260623.png","20260601","20260623","","250861","成功",""
"2026-09-04 11:03:22","跨平台關注群組數量報表","歸檔","\\ycpl-server\a02_電商部\03_平台管理\Online_Platform_Data\01_Shopee\04_Report_Output\png\跨平台關注群組數量報表_20260601-20260624.png","\\ycpl-server\a02_電商部\03_平台管理\Online_Platform_Data\01_Shopee\04_Report_Output\png\01_LINE已發歸檔\2026年06月\跨平台關注群組數量報表_20260601-20260624.png","20260601","20260624","","247518","成功",""
"2026-09-04 11:03:22","跨平台關注群組數量報表","歸檔","\\ycpl-server\a02_電商部\03_平台管理\Online_Platform_Data\01_Shopee\04_Report_Output\png\跨平台關注群組數量報表_20260601-20260625.png","\\ycpl-server\a02_電商部\03_平台管理\Online_Platform_Data\01_Shopee\04_Report_Output\png\01_LINE已發歸檔\2026年06月\跨平台關注群組數量報表_20260601-20260625.png","20260601","20260625","","250590","成功",""
"2026-09-04 11:03:22","跨平台關注群組數量報表","歸檔","\\ycpl-server\a02_電商部\03_平台管理\Online_Platform_Data\01_Shopee\04_Report_Output\png\跨平台關注群組數量報表_20260601-20260628.png","\\ycpl-server\a02_電商部\03_平台管理\Online_Platform_Data\01_Shopee\04_Report_Output\png\01_LINE已發歸檔\2026年06月\跨平台關注群組數量報表_20260601-20260628.png","20260601","20260628","","250640","成功",""
"2026-09-04 11:03:22","跨平台關注群組數量報表","歸檔","\\ycpl-server\a02_電商部\03_平台管理\Online_Platform_Data\01_Shopee\04_Report_Output\png\跨平台關注群組數量報表_20260601-20260629.png","\\ycpl-server\a02_電商部\03_平台管理\Online_Platform_Data\01_Shopee\04_Report_Output\png\01_LINE已發歸檔\2026年06月\跨平台關注群組數量報表_20260601-20260629.png","20260601","20260629","","248286","成功",""
"2026-09-04 11:03:22","跨平台關注群組數量報表","歸檔","\\ycpl-server\a02_電商部\03_平台管理\Online_Platform_Data\01_Shopee\04_Report_Output\png\跨平台關注群組數量報表_20260601-20260630.png","\\ycpl-server\a02_電商部\03_平台管理\Online_Platform_Data\01_Shopee\04_Report_Output\png\01_LINE已發歸檔\2026年06月\跨平台關注群組數量報表_20260601-20260630.png","20260601","20260630","","248175","成功",""
"2026-09-04 11:03:22","跨平台關注群組數量報表","歸檔","\\ycpl-server\a02_電商部\03_平台管理\Online_Platform_Data\01_Shopee\04_Report_Output\png\跨平台關注群組數量報表_20260701-20260701.png","\\ycpl-server\a02_電商部\03_平台管理\Online_Platform_Data\01_Shopee\04_Report_Output\png\01_LINE已發歸檔\2026年07月\跨平台關注群組數量報表_20260701-20260701.png","20260701","20260701","","199834","成功",""
"2026-09-04 11:03:22","跨平台關注群組數量報表","歸檔","\\ycpl-server\a02_電商部\03_平台管理\Online_Platform_Data\01_Shopee\04_Report_Output\png\跨平台關注群組數量報表_20260701-20260702.png","\\ycpl-server\a02_電商部\03_平台管理\Online_Platform_Data\01_Shopee\04_Report_Output\png\01_LINE已發歸檔\2026年07月\跨平台關注群組數量報表_20260701-20260702.png","20260701","20260702","","201229","成功",""
"2026-09-04 11:03:22","跨平台關注群組數量報表","歸檔","\\ycpl-server\a02_電商部\03_平台管理\Online_Platform_Data\01_Shopee\04_Report_Output\png\跨平台關注群組數量報表_20260701-20260705.png","\\ycpl-server\a02_電商部\03_平台管理\Online_Platform_Data\01_Shopee\04_Report_Output\png\01_LINE已發歸檔\2026年07月\跨平台關注群組數量報表_20260701-20260705.png","20260701","20260705","","219735","成功",""
"2026-09-04 11:03:22","跨平台關注群組數量報表","歸檔","\\ycpl-server\a02_電商部\03_平台管理\Online_Platform_Data\01_Shopee\04_Report_Output\png\跨平台關注群組數量報表_20260701-20260706.png","\\ycpl-server\a02_電商部\03_平台管理\Online_Platform_Data\01_Shopee\04_Report_Output\png\01_LINE已發歸檔\2026年07月\跨平台關注群組數量報表_20260701-20260706.png","20260701","20260706","","262563","成功",""
"2026-09-04 11:03:22","跨平台關注群組數量報表","歸檔","\\ycpl-server\a02_電商部\03_平台管理\Online_Platform_Data\01_Shopee\04_Report_Output\png\跨平台關注群組數量報表_20260701-20260707.png","\\ycpl-server\a02_電商部\03_平台管理\Online_Platform_Data\01_Shopee\04_Report_Output\png\01_LINE已發歸檔\2026年07月\跨平台關注群組數量報表_20260701-20260707.png","20260701","20260707","","262962","成功",""
"2026-09-04 11:03:22","跨平台關注群組數量報表","歸檔","\\ycpl-server\a02_電商部\03_平台管理\Online_Platform_Data\01_Shopee\04_Report_Output\png\跨平台關注群組數量報表_20260701-20260708.png","\\ycpl-server\a02_電商部\03_平台管理\Online_Platform_Data\01_Shopee\04_Report_Output\png\01_LINE已發歸檔\2026年07月\跨平台關注群組數量報表_20260701-20260708.png","20260701","20260708","","278949","成功",""
"2026-09-04 11:03:23","跨平台關注群組數量報表","歸檔","\\ycpl-server\a02_電商部\03_平台管理\Online_Platform_Data\01_Shopee\04_Report_Output\png\跨平台關注群組數量報表_20260701-20260712.png","\\ycpl-server\a02_電商部\03_平台管理\Online_Platform_Data\01_Shopee\04_Report_Output\png\01_LINE已發歸檔\2026年07月\跨平台關注群組數量報表_20260701-20260712.png","20260701","20260712","","276903","成功",""
"2026-09-04 11:03:23","跨平台關注群組數量報表","歸檔","\\ycpl-server\a02_電商部\03_平台管理\Online_Platform_Data\01_Shopee\04_Report_Output\png\跨平台關注群組數量報表_20260701-20260713.png","\\ycpl-server\a02_電商部\03_平台管理\Online_Platform_Data\01_Shopee\04_Report_Output\png\01_LINE已發歸檔\2026年07月\跨平台關注群組數量報表_20260701-20260713.png","20260701","20260713","","284431","成功",""
"2026-09-04 11:03:23","跨平台關注群組數量報表","歸檔","\\ycpl-server\a02_電商部\03_平台管理\Online_Platform_Data\01_Shopee\04_Report_Output\png\跨平台關注群組數量報表_20260701-20260714.png","\\ycpl-server\a02_電商部\03_平台管理\Online_Platform_Data\01_Shopee\04_Report_Output\png\01_LINE已發歸檔\2026年07月\跨平台關注群組數量報表_20260701-20260714.png","20260701","20260714","","284362","成功",""
"2026-09-04 11:03:23","跨平台關注群組數量報表","歸檔","\\ycpl-server\a02_電商部\03_平台管理\Online_Platform_Data\01_Shopee\04_Report_Output\png\跨平台關注群組數量報表_20260701-20260715.png","\\ycpl-server\a02_電商部\03_平台管理\Online_Platform_Data\01_Shopee\04_Report_Output\png\01_LINE已發歸檔\2026年07月\跨平台關注群組數量報表_20260701-20260715.png","20260701","20260715","","284024","成功",""
"2026-09-04 11:03:23","跨平台關注群組數量報表","歸檔","\\ycpl-server\a02_電商部\03_平台管理\Online_Platform_Data\01_Shopee\04_Report_Output\png\跨平台關注群組數量報表_20260701-20260716.png","\\ycpl-server\a02_電商部\03_平台管理\Online_Platform_Data\01_Shopee\04_Report_Output\png\01_LINE已發歸檔\2026年07月\跨平台關注群組數量報表_20260701-20260716.png","20260701","20260716","","283558","成功",""
"2026-09-04 11:03:23","跨平台關注群組數量報表","歸檔","\\ycpl-server\a02_電商部\03_平台管理\Online_Platform_Data\01_Shopee\04_Report_Output\png\跨平台關注群組數量報表_20260701-20260719.png","\\ycpl-server\a02_電商部\03_平台管理\Online_Platform_Data\01_Shopee\04_Report_Output\png\01_LINE已發歸檔\2026年07月\跨平台關注群組數量報表_20260701-20260719.png","20260701","20260719","","289941","成功",""
"2026-09-04 11:03:23","跨平台關注群組數量報表","歸檔","\\ycpl-server\a02_電商部\03_平台管理\Online_Platform_Data\01_Shopee\04_Report_Output\png\跨平台關注群組數量報表_20260701-20260720.png","\\ycpl-server\a02_電商部\03_平台管理\Online_Platform_Data\01_Shopee\04_Report_Output\png\01_LINE已發歸檔\2026年07月\跨平台關注群組數量報表_20260701-20260720.png","20260701","20260720","","285189","成功",""
"2026-09-04 11:03:23","跨平台關注群組數量報表","歸檔","\\ycpl-server\a02_電商部\03_平台管理\Online_Platform_Data\01_Shopee\04_Report_Output\png\跨平台關注群組數量報表_20260701-20260721.png","\\ycpl-server\a02_電商部\03_平台管理\Online_Platform_Data\01_Shopee\04_Report_Output\png\01_LINE已發歸檔\2026年07月\跨平台關注群組數量報表_20260701-20260721.png","20260701","20260721","","286867","成功",""
"2026-09-04 11:03:23","跨平台關注群組數量報表","歸檔","\\ycpl-server\a02_電商部\03_平台管理\Online_Platform_Data\01_Shopee\04_Report_Output\png\跨平台關注群組數量報表_20260701-20260722.png","\\ycpl-server\a02_電商部\03_平台管理\Online_Platform_Data\01_Shopee\04_Report_Output\png\01_LINE已發歸檔\2026年07月\跨平台關注群組數量報表_20260701-20260722.png","20260701","20260722","","287424","成功",""
"2026-09-04 11:03:23","跨平台關注群組數量報表","歸檔","\\ycpl-server\a02_電商部\03_平台管理\Online_Platform_Data\01_Shopee\04_Report_Output\png\跨平台關注群組數量報表_20260701-20260723.png","\\ycpl-server\a02_電商部\03_平台管理\Online_Platform_Data\01_Shopee\04_Report_Output\png\01_LINE已發歸檔\2026年07月\跨平台關注群組數量報表_20260701-20260723.png","20260701","20260723","","292645","成功",""
"2026-09-04 11:03:23","跨平台關注群組數量報表","歸檔","\\ycpl-server\a02_電商部\03_平台管理\Online_Platform_Data\01_Shopee\04_Report_Output\png\跨平台關注群組數量報表_20260701-20260724.png","\\ycpl-server\a02_電商部\03_平台管理\Online_Platform_Data\01_Shopee\04_Report_Output\png\01_LINE已發歸檔\2026年07月\跨平台關注群組數量報表_20260701-20260724.png","20260701","20260724","","291405","成功",""
"2026-09-04 11:03:23","跨平台關注群組數量報表","歸檔","\\ycpl-server\a02_電商部\03_平台管理\Online_Platform_Data\01_Shopee\04_Report_Output\png\跨平台關注群組數量報表_20260701-20260725.png","\\ycpl-server\a02_電商部\03_平台管理\Online_Platform_Data\01_Shopee\04_Report_Output\png\01_LINE已發歸檔\2026年07月\跨平台關注群組數量報表_20260701-20260725.png","20260701","20260725","","291618","成功",""
"2026-09-04 11:03:23","跨平台關注群組數量報表","歸檔","\\ycpl-server\a02_電商部\03_平台管理\Online_Platform_Data\01_Shopee\04_Report_Output\png\跨平台關注群組數量報表_20260701-20260726.png","\\ycpl-server\a02_電商部\03_平台管理\Online_Platform_Data\01_Shopee\04_Report_Output\png\01_LINE已發歸檔\2026年07月\跨平台關注群組數量報表_20260701-20260726.png","20260701","20260726","","289332","成功",""
"2026-09-04 11:03:23","跨平台關注群組數量報表","歸檔","\\ycpl-server\a02_電商部\03_平台管理\Online_Platform_Data\01_Shopee\04_Report_Output\png\跨平台關注群組數量報表_20260701-20260727.png","\\ycpl-server\a02_電商部\03_平台管理\Online_Platform_Data\01_Shopee\04_Report_Output\png\01_LINE已發歸檔\2026年07月\跨平台關注群組數量報表_20260701-20260727.png","20260701","20260727","","285535","成功",""
"2026-09-04 11:03:23","跨平台關注群組數量報表","歸檔","\\ycpl-server\a02_電商部\03_平台管理\Online_Platform_Data\01_Shopee\04_Report_Output\png\跨平台關注群組數量報表_20260701-20260728.png","\\ycpl-server\a02_電商部\03_平台管理\Online_Platform_Data\01_Shopee\04_Report_Output\png\01_LINE已發歸檔\2026年07月\跨平台關注群組數量報表_20260701-20260728.png","20260701","20260728","","327732","成功",""
"2026-09-04 11:03:23","跨平台關注群組數量報表","歸檔","\\ycpl-server\a02_電商部\03_平台管理\Online_Platform_Data\01_Shopee\04_Report_Output\png\跨平台關注群組數量報表_20260701-20260729.png","\\ycpl-server\a02_電商部\03_平台管理\Online_Platform_Data\01_Shopee\04_Report_Output\png\01_LINE已發歸檔\2026年07月\跨平台關注群組數量報表_20260701-20260729.png","20260701","20260729","","332472","成功",""
"2026-09-04 11:03:23","跨平台關注群組數量報表","歸檔","\\ycpl-server\a02_電商部\03_平台管理\Online_Platform_Data\01_Shopee\04_Report_Output\png\跨平台關注群組數量報表_20260701-20260730.png","\\ycpl-server\a02_電商部\03_平台管理\Online_Platform_Data\01_Shopee\04_Report_Output\png\01_LINE已發歸檔\2026年07月\跨平台關注群組數量報表_20260701-20260730.png","20260701","20260730","","327976","成功",""
"2026-09-04 11:03:23","跨平台關注群組數量報表","歸檔","\\ycpl-server\a02_電商部\03_平台管理\Online_Platform_Data\01_Shopee\04_Report_Output\png\跨平台關注群組數量報表_20260801-20260802.png","\\ycpl-server\a02_電商部\03_平台管理\Online_Platform_Data\01_Shopee\04_Report_Output\png\01_LINE已發歸檔\2026年08月\跨平台關注群組數量報表_20260801-20260802.png","20260801","20260802","","275193","成功",""
"2026-09-04 11:03:23","跨平台關注群組數量報表","歸檔","\\ycpl-server\a02_電商部\03_平台管理\Online_Platform_Data\01_Shopee\04_Report_Output\png\跨平台關注群組數量報表_20260801-20260803.png","\\ycpl-server\a02_電商部\03_平台管理\Online_Platform_Data\01_Shopee\04_Report_Output\png\01_LINE已發歸檔\2026年08月\跨平台關注群組數量報表_20260801-20260803.png","20260801","20260803","","297965","成功",""
"2026-09-04 11:03:23","跨平台關注群組數量報表","歸檔","\\ycpl-server\a02_電商部\03_平台管理\Online_Platform_Data\01_Shopee\04_Report_Output\png\跨平台關注群組數量報表_20260801-20260804.png","\\ycpl-server\a02_電商部\03_平台管理\Online_Platform_Data\01_Shopee\04_Report_Output\png\01_LINE已發歸檔\2026年08月\跨平台關注群組數量報表_20260801-20260804.png","20260801","20260804","","298367","成功",""
"2026-09-04 11:03:23","跨平台關注群組數量報表","歸檔","\\ycpl-server\a02_電商部\03_平台管理\Online_Platform_Data\01_Shopee\04_Report_Output\png\跨平台關注群組數量報表_20260801-20260805.png","\\ycpl-server\a02_電商部\03_平台管理\Online_Platform_Data\01_Shopee\04_Report_Output\png\01_LINE已發歸檔\2026年08月\跨平台關注群組數量報表_20260801-20260805.png","20260801","20260805","","299190","成功",""
"2026-09-04 11:03:23","跨平台關注群組數量報表","歸檔","\\ycpl-server\a02_電商部\03_平台管理\Online_Platform_Data\01_Shopee\04_Report_Output\png\跨平台關注群組數量報表_20260801-20260806.png","\\ycpl-server\a02_電商部\03_平台管理\Online_Platform_Data\01_Shopee\04_Report_Output\png\01_LINE已發歸檔\2026年08月\跨平台關注群組數量報表_20260801-20260806.png","20260801","20260806","","314172","成功",""
"2026-09-04 11:03:23","跨平台關注群組數量報表","歸檔","\\ycpl-server\a02_電商部\03_平台管理\Online_Platform_Data\01_Shopee\04_Report_Output\png\跨平台關注群組數量報表_20260801-20260809.png","\\ycpl-server\a02_電商部\03_平台管理\Online_Platform_Data\01_Shopee\04_Report_Output\png\01_LINE已發歸檔\2026年08月\跨平台關注群組數量報表_20260801-20260809.png","20260801","20260809","","371443","成功",""
"2026-09-04 11:03:23","跨平台關注群組數量報表","歸檔","\\ycpl-server\a02_電商部\03_平台管理\Online_Platform_Data\01_Shopee\04_Report_Output\png\跨平台關注群組數量報表_20260801-20260810.png","\\ycpl-server\a02_電商部\03_平台管理\Online_Platform_Data\01_Shopee\04_Report_Output\png\01_LINE已發歸檔\2026年08月\跨平台關注群組數量報表_20260801-20260810.png","20260801","20260810","","373264","成功",""
"2026-09-04 11:03:23","跨平台關注群組數量報表","歸檔","\\ycpl-server\a02_電商部\03_平台管理\Online_Platform_Data\01_Shopee\04_Report_Output\png\跨平台關注群組數量報表_20260801-20260811.png","\\ycpl-server\a02_電商部\03_平台管理\Online_Platform_Data\01_Shopee\04_Report_Output\png\01_LINE已發歸檔\2026年08月\跨平台關注群組數量報表_20260801-20260811.png","20260801","20260811","","374760","成功",""
"2026-09-04 11:03:23","跨平台關注群組數量報表","歸檔","\\ycpl-server\a02_電商部\03_平台管理\Online_Platform_Data\01_Shopee\04_Report_Output\png\跨平台關注群組數量報表_20260801-20260812.png","\\ycpl-server\a02_電商部\03_平台管理\Online_Platform_Data\01_Shopee\04_Report_Output\png\01_LINE已發歸檔\2026年08月\跨平台關注群組數量報表_20260801-20260812.png","20260801","20260812","","380050","成功",""
"2026-09-04 11:03:23","跨平台關注群組數量報表","歸檔","\\ycpl-server\a02_電商部\03_平台管理\Online_Platform_Data\01_Shopee\04_Report_Output\png\跨平台關注群組數量報表_20260801-20260813.png","\\ycpl-server\a02_電商部\03_平台管理\Online_Platform_Data\01_Shopee\04_Report_Output\png\01_LINE已發歸檔\2026年08月\跨平台關注群組數量報表_20260801-20260813.png","20260801","20260813","","377517","成功",""
"2026-09-04 11:03:23","跨平台關注群組數量報表","歸檔","\\ycpl-server\a02_電商部\03_平台管理\Online_Platform_Data\01_Shopee\04_Report_Output\png\跨平台關注群組數量報表_20260801-20260816.png","\\ycpl-server\a02_電商部\03_平台管理\Online_Platform_Data\01_Shopee\04_Report_Output\png\01_LINE已發歸檔\2026年08月\跨平台關注群組數量報表_20260801-20260816.png","20260801","20260816","","381226","成功",""
"2026-09-04 11:03:23","跨平台關注群組數量報表","歸檔","\\ycpl-server\a02_電商部\03_平台管理\Online_Platform_Data\01_Shopee\04_Report_Output\png\跨平台關注群組數量報表_20260801-20260817.png","\\ycpl-server\a02_電商部\03_平台管理\Online_Platform_Data\01_Shopee\04_Report_Output\png\01_LINE已發歸檔\2026年08月\跨平台關注群組數量報表_20260801-20260817.png","20260801","20260817","","382577","成功",""
"2026-09-04 11:03:23","跨平台關注群組數量報表","歸檔","\\ycpl-server\a02_電商部\03_平台管理\Online_Platform_Data\01_Shopee\04_Report_Output\png\跨平台關注群組數量報表_20260801-20260818.png","\\ycpl-server\a02_電商部\03_平台管理\Online_Platform_Data\01_Shopee\04_Report_Output\png\01_LINE已發歸檔\2026年08月\跨平台關注群組數量報表_20260801-20260818.png","20260801","20260818","","385918","成功",""
"2026-09-04 11:03:23","跨平台關注群組數量報表","歸檔","\\ycpl-server\a02_電商部\03_平台管理\Online_Platform_Data\01_Shopee\04_Report_Output\png\跨平台關注群組數量報表_20260801-20260819.png","\\ycpl-server\a02_電商部\03_平台管理\Online_Platform_Data\01_Shopee\04_Report_Output\png\01_LINE已發歸檔\2026年08月\跨平台關注群組數量報表_20260801-20260819.png","20260801","20260819","","383926","成功",""
"2026-09-04 11:03:23","跨平台關注群組數量報表","歸檔","\\ycpl-server\a02_電商部\03_平台管理\Online_Platform_Data\01_Shopee\04_Report_Output\png\跨平台關注群組數量報表_20260801-20260820.png","\\ycpl-server\a02_電商部\03_平台管理\Online_Platform_Data\01_Shopee\04_Report_Output\png\01_LINE已發歸檔\2026年08月\跨平台關注群組數量報表_20260801-20260820.png","20260801","20260820","","387630","成功",""
"2026-09-04 11:03:23","跨平台關注群組數量報表","歸檔","\\ycpl-server\a02_電商部\03_平台管理\Online_Platform_Data\01_Shopee\04_Report_Output\png\跨平台關注群組數量報表_20260801-20260823.png","\\ycpl-server\a02_電商部\03_平台管理\Online_Platform_Data\01_Shopee\04_Report_Output\png\01_LINE已發歸檔\2026年08月\跨平台關注群組數量報表_20260801-20260823.png","20260801","20260823","","389814","成功",""
"2026-09-04 11:03:23","跨平台關注群組數量報表","歸檔","\\ycpl-server\a02_電商部\03_平台管理\Online_Platform_Data\01_Shopee\04_Report_Output\png\跨平台關注群組數量報表_20260801-20260824.png","\\ycpl-server\a02_電商部\03_平台管理\Online_Platform_Data\01_Shopee\04_Report_Output\png\01_LINE已發歸檔\2026年08月\跨平台關注群組數量報表_20260801-20260824.png","20260801","20260824","","390145","成功",""
"2026-09-04 11:03:23","跨平台關注群組數量報表","歸檔","\\ycpl-server\a02_電商部\03_平台管理\Online_Platform_Data\01_Shopee\04_Report_Output\png\跨平台關注群組數量報表_20260801-20260825.png","\\ycpl-server\a02_電商部\03_平台管理\Online_Platform_Data\01_Shopee\04_Report_Output\png\01_LINE已發歸檔\2026年08月\跨平台關注群組數量報表_20260801-20260825.png","20260801","20260825","","390322","成功",""
"2026-09-04 11:03:23","跨平台關注群組數量報表","歸檔","\\ycpl-server\a02_電商部\03_平台管理\Online_Platform_Data\01_Shopee\04_Report_Output\png\跨平台關注群組數量報表_20260801-20260826.png","\\ycpl-server\a02_電商部\03_平台管理\Online_Platform_Data\01_Shopee\04_Report_Output\png\01_LINE已發歸檔\2026年08月\跨平台關注群組數量報表_20260801-20260826.png","20260801","20260826","","394958","成功",""
"2026-09-04 11:03:23","跨平台關注群組數量報表","歸檔","\\ycpl-server\a02_電商部\03_平台管理\Online_Platform_Data\01_Shopee\04_Report_Output\png\跨平台關注群組數量報表_20260801-20260827.png","\\ycpl-server\a02_電商部\03_平台管理\Online_Platform_Data\01_Shopee\04_Report_Output\png\01_LINE已發歸檔\2026年08月\跨平台關注群組數量報表_20260801-20260827.png","20260801","20260827","","394514","成功",""
"2026-09-04 11:03:23","跨平台關注群組數量報表","歸檔","\\ycpl-server\a02_電商部\03_平台管理\Online_Platform_Data\01_Shopee\04_Report_Output\png\跨平台關注群組數量報表_20260801-20260830.png","\\ycpl-server\a02_電商部\03_平台管理\Online_Platform_Data\01_Shopee\04_Report_Output\png\01_LINE已發歸檔\2026年08月\跨平台關注群組數量報表_20260801-20260830.png","20260801","20260830","","395357","成功",""
"2026-09-04 11:03:23","跨平台關注群組數量報表","歸檔","\\ycpl-server\a02_電商部\03_平台管理\Online_Platform_Data\01_Shopee\04_Report_Output\png\跨平台關注群組數量報表_20260801-20260831.png","\\ycpl-server\a02_電商部\03_平台管理\Online_Platform_Data\01_Shopee\04_Report_Output\png\01_LINE已發歸檔\2026年08月\跨平台關注群組數量報表_20260801-20260831.png","20260801","20260831","","498690","成功",""
"2026-09-04 11:03:23","跨平台關注群組數量報表","歸檔","\\ycpl-server\a02_電商部\03_平台管理\Online_Platform_Data\01_Shopee\04_Report_Output\png\跨平台關注群組數量報表_20260901-20260901.png","\\ycpl-server\a02_電商部\03_平台管理\Online_Platform_Data\01_Shopee\04_Report_Output\png\01_LINE已發歸檔\2026年09月\跨平台關注群組數量報表_20260901-20260901.png","20260901","20260901","","387999","成功",""
"2026-09-04 11:03:23","跨平台關注群組數量報表","歸檔","\\ycpl-server\a02_電商部\03_平台管理\Online_Platform_Data\01_Shopee\04_Report_Output\png\跨平台關注群組數量報表_20260901-20260902.png","\\ycpl-server\a02_電商部\03_平台管理\Online_Platform_Data\01_Shopee\04_Report_Output\png\01_LINE已發歸檔\2026年09月\跨平台關注群組數量報表_20260901-20260902.png","20260901","20260902","","420675","成功",""
"2026-09-04 11:03:23","跨平台關注群組數量報表","移至LINE待發","\\ycpl-server\a02_電商部\03_平台管理\Online_Platform_Data\01_Shopee\04_Report_Output\png\跨平台關注群組數量報表_20260901-20260903.png","\\ycpl-server\a02_電商部\03_平台管理\Online_Platform_Data\01_Shopee\04_Report_Output\png\00_LINE待發\跨平台關注群組數量報表_20260901-20260903.png","20260901","20260903","","423429","成功","該報表目前最新版本"
2026-09-04 11:21:15,店家訂單數日報,歸檔,\\Ycpl-server\a02_電商部\03_平台管理\Online_Platform_Data\01_Shopee\04_Report_Output\png\00_LINE待發\店家訂單數日報_統計20260815-20260915_產出20260904_100545.png,\\Ycpl-server\a02_電商部\03_平台管理\Online_Platform_Data\01_Shopee\04_Report_Output\png\01_LINE已發歸檔\2026年09月\店家訂單數日報_統計20260815-20260915_產出20260904_100545.png,20260815,20260915,20260904_100545,461504,成功,
2026-09-04 11:21:15,店家訂單數日報,輸出,output\店家訂單數日報_統計20260815-20260915_產出20260904_112114.png,\\Ycpl-server\a02_電商部\03_平台管理\Online_Platform_Data\01_Shopee\04_Report_Output\png\00_LINE待發\店家訂單數日報_統計20260815-20260915_產出20260904_112114.png,20260815,20260915,20260904_112114,461626,成功,已驗證 PNG 並放入 LINE 待發區
2026-09-04 11:43:54,跨平台關注群組數量報表,歸檔,\\Ycpl-server\a02_電商部\03_平台管理\Online_Platform_Data\01_Shopee\04_Report_Output\png\00_LINE待發\跨平台關注群組數量報表_20260901-20260903.png,\\Ycpl-server\a02_電商部\03_平台管理\Online_Platform_Data\01_Shopee\04_Report_Output\png\01_LINE已發歸檔\2026年09月\跨平台關注群組數量報表_20260901-20260903.png,20260901,20260903,,423429,成功,
2026-09-04 11:43:55,跨平台關注群組數量報表,輸出,\\Ycpl-server\a02_電商部\03_平台管理\Online_Platform_Data\01_Shopee\04_Report_Output\png\跨平台關注群組數量報表_20260901-20260903.png,\\Ycpl-server\a02_電商部\03_平台管理\Online_Platform_Data\01_Shopee\04_Report_Output\png\00_LINE待發\跨平台關注群組數量報表_統計20260901-20260903_產出20260904_113843.png,20260901,20260903,20260904_113843,423429,成功,修正根目錄錯位檔案；已驗證 PNG 並移入 LINE 待發區
2026-09-04 11:45:16,跨平台關注群組數量報表,歸檔,\\Ycpl-server\a02_電商部\03_平台管理\Online_Platform_Data\01_Shopee\04_Report_Output\png\00_LINE待發\跨平台關注群組數量報表_統計20260901-20260903_產出20260904_113843.png,\\Ycpl-server\a02_電商部\03_平台管理\Online_Platform_Data\01_Shopee\04_Report_Output\png\01_LINE已發歸檔\2026年09月\跨平台關注群組數量報表_統計20260901-20260903_產出20260904_113843.png,20260901,20260903,20260904_113843,423429,成功,
2026-09-04 11:45:16,跨平台關注群組數量報表,輸出,D:\Projects\python_dev\ec-data-pipeline\data_processed\reports\platform_orders_focus_groups\12_focus_groups_quantity_report_20260901-20260903_20260904_114516.png,\\Ycpl-server\a02_電商部\03_平台管理\Online_Platform_Data\01_Shopee\04_Report_Output\png\00_LINE待發\跨平台關注群組數量報表_統計20260901-20260903_產出20260904_114516.png,20260901,20260903,20260904_114516,423429,成功,已驗證 PNG 並放入 LINE 待發區
2026-09-04 17:11:03,店家訂單數日報,歸檔,\\Ycpl-server\a02_電商部\03_平台管理\Online_Platform_Data\01_Shopee\04_Report_Output\png\00_LINE待發\店家訂單數日報_統計20260815-20260915_產出20260904_112114.png,\\Ycpl-server\a02_電商部\03_平台管理\Online_Platform_Data\01_Shopee\04_Report_Output\png\01_LINE已發歸檔\2026年09月\店家訂單數日報_統計20260815-20260915_產出20260904_112114.png,20260815,20260915,20260904_112114,461626,成功,
2026-09-04 17:11:03,店家訂單數日報,輸出,output\店家訂單數日報_統計20260901-20260930_產出20260904_171102.png,\\Ycpl-server\a02_電商部\03_平台管理\Online_Platform_Data\01_Shopee\04_Report_Output\png\00_LINE待發\店家訂單數日報_統計20260901-20260930_產出20260904_171102.png,20260901,20260930,20260904_171102,370378,成功,已驗證 PNG 並放入 LINE 待發區
2026-09-07 10:13:56,店家訂單數日報,歸檔,\\Ycpl-server\a02_電商部\03_平台管理\Online_Platform_Data\01_Shopee\04_Report_Output\png\00_LINE待發\店家訂單數日報_統計20260901-20260930_產出20260904_171102.png,\\Ycpl-server\a02_電商部\03_平台管理\Online_Platform_Data\01_Shopee\04_Report_Output\png\01_LINE已發歸檔\2026年09月\店家訂單數日報_統計20260901-20260930_產出20260904_171102.png,20260901,20260930,20260904_171102,370378,成功,
2026-09-07 10:13:56,店家訂單數日報,輸出,output\店家訂單數日報_統計20260901-20260930_產出20260907_101355.png,\\Ycpl-server\a02_電商部\03_平台管理\Online_Platform_Data\01_Shopee\04_Report_Output\png\00_LINE待發\店家訂單數日報_統計20260901-20260930_產出20260907_101355.png,20260901,20260930,20260907_101355,379959,成功,已驗證 PNG 並放入 LINE 待發區
2026-09-07 10:49:11,店家訂單數日報,歸檔,\\Ycpl-server\a02_電商部\03_平台管理\Online_Platform_Data\01_Shopee\04_Report_Output\png\00_LINE待發\店家訂單數日報_統計20260901-20260930_產出20260907_101355.png,\\Ycpl-server\a02_電商部\03_平台管理\Online_Platform_Data\01_Shopee\04_Report_Output\png\01_LINE已發歸檔\2026年09月\店家訂單數日報_統計20260901-20260930_產出20260907_101355.png,20260901,20260930,20260907_101355,379959,成功,
2026-09-07 10:49:11,店家訂單數日報,輸出,output\店家訂單數日報_統計20260901-20260930_產出20260907_104910.png,\\Ycpl-server\a02_電商部\03_平台管理\Online_Platform_Data\01_Shopee\04_Report_Output\png\00_LINE待發\店家訂單數日報_統計20260901-20260930_產出20260907_104910.png,20260901,20260930,20260907_104910,382756,成功,已驗證 PNG 並放入 LINE 待發區
2026-09-07 10:53:19,跨平台關注群組數量報表,歸檔,\\Ycpl-server\a02_電商部\03_平台管理\Online_Platform_Data\01_Shopee\04_Report_Output\png\00_LINE待發\跨平台關注群組數量報表_統計20260901-20260903_產出20260904_114516.png,\\Ycpl-server\a02_電商部\03_平台管理\Online_Platform_Data\01_Shopee\04_Report_Output\png\01_LINE已發歸檔\2026年09月\跨平台關注群組數量報表_統計20260901-20260903_產出20260904_114516.png,20260901,20260903,20260904_114516,423429,成功,
2026-09-07 10:53:19,跨平台關注群組數量報表,輸出,D:\Projects\python_dev\ec-data-pipeline\data_processed\reports\platform_orders_focus_groups\12_focus_groups_quantity_report_20260901-20260906_20260907_105318.png,\\Ycpl-server\a02_電商部\03_平台管理\Online_Platform_Data\01_Shopee\04_Report_Output\png\00_LINE待發\跨平台關注群組數量報表_統計20260901-20260906_產出20260907_105318.png,20260901,20260906,20260907_105318,442445,成功,已驗證 PNG 並放入 LINE 待發區
2026-09-07 11:28:21,跨平台關注群組數量報表,歸檔,\\Ycpl-server\a02_電商部\03_平台管理\Online_Platform_Data\01_Shopee\04_Report_Output\png\00_LINE待發\跨平台關注群組數量報表_統計20260901-20260906_產出20260907_105318.png,\\Ycpl-server\a02_電商部\03_平台管理\Online_Platform_Data\01_Shopee\04_Report_Output\png\01_LINE已發歸檔\2026年09月\跨平台關注群組數量報表_統計20260901-20260906_產出20260907_105318.png,20260901,20260906,20260907_105318,442445,成功,
2026-09-07 11:28:22,跨平台關注群組數量報表,輸出,D:\Projects\python_dev\ec-data-pipeline\data_processed\reports\platform_orders_focus_groups\12_focus_groups_quantity_report_20260901-20260906_20260907_112821.png,\\Ycpl-server\a02_電商部\03_平台管理\Online_Platform_Data\01_Shopee\04_Report_Output\png\00_LINE待發\跨平台關注群組數量報表_統計20260901-20260906_產出20260907_112821.png,20260901,20260906,20260907_112821,440677,成功,已驗證 PNG 並放入 LINE 待發區
2026-09-07 16:11:52,店家訂單數日報,歸檔,\\Ycpl-server\a02_電商部\03_平台管理\Online_Platform_Data\01_Shopee\04_Report_Output\png\00_LINE待發\店家訂單數日報_統計20260901-20260930_產出20260907_104910.png,\\Ycpl-server\a02_電商部\03_平台管理\Online_Platform_Data\01_Shopee\04_Report_Output\png\01_LINE已發歸檔\2026年09月\店家訂單數日報_統計20260901-20260930_產出20260907_104910.png,20260901,20260930,20260907_104910,382756,成功,
2026-09-07 16:11:52,店家訂單數日報,輸出,output\店家訂單數日報_統計20260901-20260930_產出20260907_161152.png,\\Ycpl-server\a02_電商部\03_平台管理\Online_Platform_Data\01_Shopee\04_Report_Output\png\00_LINE待發\店家訂單數日報_統計20260901-20260930_產出20260907_161152.png,20260901,20260930,20260907_161152,382374,成功,已驗證 PNG 並放入 LINE 待發區
2026-09-08 10:51:00,店家訂單數日報,歸檔,\\Ycpl-server\a02_電商部\03_平台管理\Online_Platform_Data\01_Shopee\04_Report_Output\png\00_LINE待發\店家訂單數日報_統計20260901-20260930_產出20260907_161152.png,\\Ycpl-server\a02_電商部\03_平台管理\Online_Platform_Data\01_Shopee\04_Report_Output\png\01_LINE已發歸檔\2026年09月\店家訂單數日報_統計20260901-20260930_產出20260907_161152.png,20260901,20260930,20260907_161152,382374,成功,
2026-09-08 10:51:00,店家訂單數日報,輸出,output\店家訂單數日報_統計20260901-20260930_產出20260908_105100.png,\\Ycpl-server\a02_電商部\03_平台管理\Online_Platform_Data\01_Shopee\04_Report_Output\png\00_LINE待發\店家訂單數日報_統計20260901-20260930_產出20260908_105100.png,20260901,20260930,20260908_105100,388695,成功,已驗證 PNG 並放入 LINE 待發區
2026-09-08 11:29:33,跨平台關注群組數量報表,歸檔,\\Ycpl-server\a02_電商部\03_平台管理\Online_Platform_Data\01_Shopee\04_Report_Output\png\00_LINE待發\跨平台關注群組數量報表_統計20260901-20260906_產出20260907_112821.png,\\Ycpl-server\a02_電商部\03_平台管理\Online_Platform_Data\01_Shopee\04_Report_Output\png\01_LINE已發歸檔\2026年09月\跨平台關注群組數量報表_統計20260901-20260906_產出20260907_112821.png,20260901,20260906,20260907_112821,440677,成功,
2026-09-08 11:29:33,跨平台關注群組數量報表,輸出,D:\Projects\python_dev\ec-data-pipeline\data_processed\reports\platform_orders_focus_groups\12_focus_groups_quantity_report_20260901-20260907_20260908_112932.png,\\Ycpl-server\a02_電商部\03_平台管理\Online_Platform_Data\01_Shopee\04_Report_Output\png\00_LINE待發\跨平台關注群組數量報表_統計20260901-20260907_產出20260908_112932.png,20260901,20260907,20260908_112932,454761,成功,已驗證 PNG 並放入 LINE 待發區
2026-09-08 11:49:09,跨平台關注群組數量報表,歸檔,\\Ycpl-server\a02_電商部\03_平台管理\Online_Platform_Data\01_Shopee\04_Report_Output\png\00_LINE待發\跨平台關注群組數量報表_統計20260901-20260907_產出20260908_112932.png,\\Ycpl-server\a02_電商部\03_平台管理\Online_Platform_Data\01_Shopee\04_Report_Output\png\01_LINE已發歸檔\2026年09月\跨平台關注群組數量報表_統計20260901-20260907_產出20260908_112932.png,20260901,20260907,20260908_112932,454761,成功,
2026-09-08 11:49:09,跨平台關注群組數量報表,輸出,D:\Projects\python_dev\ec-data-pipeline\data_processed\reports\platform_orders_focus_groups\12_focus_groups_quantity_report_20260901-20260907_20260908_114908.png,\\Ycpl-server\a02_電商部\03_平台管理\Online_Platform_Data\01_Shopee\04_Report_Output\png\00_LINE待發\跨平台關注群組數量報表_統計20260901-20260907_產出20260908_114908.png,20260901,20260907,20260908_114908,454761,成功,已驗證 PNG 並放入 LINE 待發區
2026-09-08 13:34:31,跨平台關注群組數量報表,歸檔,\\Ycpl-server\a02_電商部\03_平台管理\Online_Platform_Data\01_Shopee\04_Report_Output\png\00_LINE待發\跨平台關注群組數量報表_統計20260901-20260907_產出20260908_114908.png,\\Ycpl-server\a02_電商部\03_平台管理\Online_Platform_Data\01_Shopee\04_Report_Output\png\01_LINE已發歸檔\2026年09月\跨平台關注群組數量報表_統計20260901-20260907_產出20260908_114908.png,20260901,20260907,20260908_114908,454761,成功,
2026-09-08 13:34:31,跨平台關注群組數量報表,輸出,D:\Projects\python_dev\ec-data-pipeline\data_processed\reports\platform_orders_focus_groups\12_focus_groups_quantity_report_20260901-20260907_20260908_133429.png,\\Ycpl-server\a02_電商部\03_平台管理\Online_Platform_Data\01_Shopee\04_Report_Output\png\00_LINE待發\跨平台關注群組數量報表_統計20260901-20260907_產出20260908_133429.png,20260901,20260907,20260908_133429,944039,成功,已驗證 PNG 並放入 LINE 待發區
2026-09-08 16:37:16,店家訂單數日報,歸檔,\\Ycpl-server\a02_電商部\03_平台管理\Online_Platform_Data\01_Shopee\04_Report_Output\png\00_LINE待發\店家訂單數日報_統計20260901-20260930_產出20260908_105100.png,\\Ycpl-server\a02_電商部\03_平台管理\Online_Platform_Data\01_Shopee\04_Report_Output\png\01_LINE已發歸檔\2026年09月\店家訂單數日報_統計20260901-20260930_產出20260908_105100.png,20260901,20260930,20260908_105100,388695,成功,
2026-09-08 16:37:16,店家訂單數日報,輸出,output\店家訂單數日報_統計20260901-20260930_產出20260908_163716.png,\\Ycpl-server\a02_電商部\03_平台管理\Online_Platform_Data\01_Shopee\04_Report_Output\png\00_LINE待發\店家訂單數日報_統計20260901-20260930_產出20260908_163716.png,20260901,20260930,20260908_163716,389024,成功,已驗證 PNG 並放入 LINE 待發區
2026-09-09 10:30:46,店家訂單數日報,歸檔,\\Ycpl-server\a02_電商部\03_平台管理\Online_Platform_Data\01_Shopee\04_Report_Output\png\00_LINE待發\店家訂單數日報_統計20260901-20260930_產出20260908_163716.png,\\Ycpl-server\a02_電商部\03_平台管理\Online_Platform_Data\01_Shopee\04_Report_Output\png\01_LINE已發歸檔\2026年09月\店家訂單數日報_統計20260901-20260930_產出20260908_163716.png,20260901,20260930,20260908_163716,389024,成功,
2026-09-09 10:30:46,店家訂單數日報,輸出,output\店家訂單數日報_統計20260901-20260930_產出20260909_103045.png,\\Ycpl-server\a02_電商部\03_平台管理\Online_Platform_Data\01_Shopee\04_Report_Output\png\00_LINE待發\店家訂單數日報_統計20260901-20260930_產出20260909_103045.png,20260901,20260930,20260909_103045,394807,成功,已驗證 PNG 並放入 LINE 待發區
2026-09-09 11:15:41,跨平台關注群組數量報表,歸檔,\\Ycpl-server\a02_電商部\03_平台管理\Online_Platform_Data\01_Shopee\04_Report_Output\png\00_LINE待發\跨平台關注群組數量報表_統計20260901-20260907_產出20260908_133429.png,\\Ycpl-server\a02_電商部\03_平台管理\Online_Platform_Data\01_Shopee\04_Report_Output\png\01_LINE已發歸檔\2026年09月\跨平台關注群組數量報表_統計20260901-20260907_產出20260908_133429.png,20260901,20260907,20260908_133429,944039,成功,
2026-09-09 11:15:41,跨平台關注群組數量報表,輸出,D:\Projects\python_dev\ec-data-pipeline\data_processed\reports\platform_orders_focus_groups\12_focus_groups_quantity_report_20260901-20260908_20260909_111539.png,\\Ycpl-server\a02_電商部\03_平台管理\Online_Platform_Data\01_Shopee\04_Report_Output\png\00_LINE待發\跨平台關注群組數量報表_統計20260901-20260908_產出20260909_111539.png,20260901,20260908,20260909_111539,975599,成功,已驗證 PNG 並放入 LINE 待發區
2026-09-09 15:36:01,店家訂單數日報,歸檔,\\Ycpl-server\a02_電商部\03_平台管理\Online_Platform_Data\01_Shopee\04_Report_Output\png\00_LINE待發\店家訂單數日報_統計20260901-20260930_產出20260909_103045.png,\\Ycpl-server\a02_電商部\03_平台管理\Online_Platform_Data\01_Shopee\04_Report_Output\png\01_LINE已發歸檔\2026年09月\店家訂單數日報_統計20260901-20260930_產出20260909_103045.png,20260901,20260930,20260909_103045,394807,成功,
2026-09-09 15:36:01,店家訂單數日報,輸出,output\店家訂單數日報_統計20260901-20260930_產出20260909_153601.png,\\Ycpl-server\a02_電商部\03_平台管理\Online_Platform_Data\01_Shopee\04_Report_Output\png\00_LINE待發\店家訂單數日報_統計20260901-20260930_產出20260909_153601.png,20260901,20260930,20260909_153601,395129,成功,已驗證 PNG 並放入 LINE 待發區
2026-09-09 16:01:18,店家訂單數日報,歸檔,\\Ycpl-server\a02_電商部\03_平台管理\Online_Platform_Data\01_Shopee\04_Report_Output\png\00_LINE待發\店家訂單數日報_統計20260901-20260930_產出20260909_153601.png,\\Ycpl-server\a02_電商部\03_平台管理\Online_Platform_Data\01_Shopee\04_Report_Output\png\01_LINE已發歸檔\2026年09月\店家訂單數日報_統計20260901-20260930_產出20260909_153601.png,20260901,20260930,20260909_153601,395129,成功,
2026-09-09 16:01:18,店家訂單數日報,輸出,output\店家訂單數日報_統計20260901-20260930_產出20260909_160117.png,\\Ycpl-server\a02_電商部\03_平台管理\Online_Platform_Data\01_Shopee\04_Report_Output\png\00_LINE待發\店家訂單數日報_統計20260901-20260930_產出20260909_160117.png,20260901,20260930,20260909_160117,394926,成功,已驗證 PNG 並放入 LINE 待發區
2026-09-10 10:15:11,店家訂單數日報,歸檔,\\Ycpl-server\a02_電商部\03_平台管理\Online_Platform_Data\01_Shopee\04_Report_Output\png\00_LINE待發\店家訂單數日報_統計20260901-20260930_產出20260909_160117.png,\\Ycpl-server\a02_電商部\03_平台管理\Online_Platform_Data\01_Shopee\04_Report_Output\png\01_LINE已發歸檔\2026年09月\店家訂單數日報_統計20260901-20260930_產出20260909_160117.png,20260901,20260930,20260909_160117,394926,成功,
2026-09-10 10:15:11,店家訂單數日報,輸出,output\店家訂單數日報_統計20260901-20260930_產出20260910_101510.png,\\Ycpl-server\a02_電商部\03_平台管理\Online_Platform_Data\01_Shopee\04_Report_Output\png\00_LINE待發\店家訂單數日報_統計20260901-20260930_產出20260910_101510.png,20260901,20260930,20260910_101510,394580,成功,已驗證 PNG 並放入 LINE 待發區
2026-09-10 11:32:26,店家訂單數日報,歸檔,\\Ycpl-server\a02_電商部\03_平台管理\Online_Platform_Data\01_Shopee\04_Report_Output\png\00_LINE待發\店家訂單數日報_統計20260901-20260930_產出20260910_101510.png,\\Ycpl-server\a02_電商部\03_平台管理\Online_Platform_Data\01_Shopee\04_Report_Output\png\01_LINE已發歸檔\2026年09月\店家訂單數日報_統計20260901-20260930_產出20260910_101510.png,20260901,20260930,20260910_101510,394580,成功,
2026-09-10 11:32:26,店家訂單數日報,輸出,output\店家訂單數日報_統計20260901-20260930_產出20260910_113224.png,\\Ycpl-server\a02_電商部\03_平台管理\Online_Platform_Data\01_Shopee\04_Report_Output\png\00_LINE待發\店家訂單數日報_統計20260901-20260930_產出20260910_113224.png,20260901,20260930,20260910_113224,399183,成功,已驗證 PNG 並放入 LINE 待發區
2026-09-10 12:08:51,跨平台關注群組數量報表,歸檔,\\Ycpl-server\a02_電商部\03_平台管理\Online_Platform_Data\01_Shopee\04_Report_Output\png\00_LINE待發\跨平台關注群組數量報表_統計20260901-20260908_產出20260909_111539.png,\\Ycpl-server\a02_電商部\03_平台管理\Online_Platform_Data\01_Shopee\04_Report_Output\png\01_LINE已發歸檔\2026年09月\跨平台關注群組數量報表_統計20260901-20260908_產出20260909_111539.png,20260901,20260908,20260909_111539,975599,成功,
2026-09-10 12:08:51,跨平台關注群組數量報表,輸出,D:\Projects\python_dev\ec-data-pipeline\data_processed\reports\platform_orders_focus_groups\12_focus_groups_quantity_report_20260901-20260909_20260910_120849.png,\\Ycpl-server\a02_電商部\03_平台管理\Online_Platform_Data\01_Shopee\04_Report_Output\png\00_LINE待發\跨平台關注群組數量報表_統計20260901-20260909_產出20260910_120849.png,20260901,20260909,20260910_120849,966734,成功,已驗證 PNG 並放入 LINE 待發區
2026-09-10 15:15:40,店家訂單數日報,歸檔,\\Ycpl-server\a02_電商部\03_平台管理\Online_Platform_Data\01_Shopee\04_Report_Output\png\00_LINE待發\店家訂單數日報_統計20260901-20260930_產出20260910_113224.png,\\Ycpl-server\a02_電商部\03_平台管理\Online_Platform_Data\01_Shopee\04_Report_Output\png\01_LINE已發歸檔\2026年09月\店家訂單數日報_統計20260901-20260930_產出20260910_113224.png,20260901,20260930,20260910_113224,399183,成功,
2026-09-10 15:15:40,店家訂單數日報,輸出,output\店家訂單數日報_統計20260901-20260930_產出20260910_151539.png,\\Ycpl-server\a02_電商部\03_平台管理\Online_Platform_Data\01_Shopee\04_Report_Output\png\00_LINE待發\店家訂單數日報_統計20260901-20260930_產出20260910_151539.png,20260901,20260930,20260910_151539,399927,成功,已驗證 PNG 並放入 LINE 待發區
2026-09-10 15:28:01,店家訂單數日報,歸檔,\\Ycpl-server\a02_電商部\03_平台管理\Online_Platform_Data\01_Shopee\04_Report_Output\png\00_LINE待發\店家訂單數日報_統計20260901-20260930_產出20260910_151539.png,\\Ycpl-server\a02_電商部\03_平台管理\Online_Platform_Data\01_Shopee\04_Report_Output\png\01_LINE已發歸檔\2026年09月\店家訂單數日報_統計20260901-20260930_產出20260910_151539.png,20260901,20260930,20260910_151539,399927,成功,
2026-09-10 15:28:01,店家訂單數日報,輸出,output\店家訂單數日報_統計20260901-20260930_產出20260910_152800.png,\\Ycpl-server\a02_電商部\03_平台管理\Online_Platform_Data\01_Shopee\04_Report_Output\png\00_LINE待發\店家訂單數日報_統計20260901-20260930_產出20260910_152800.png,20260901,20260930,20260910_152800,399194,成功,已驗證 PNG 並放入 LINE 待發區
2026-09-10 16:05:15,店家訂單數日報,歸檔,\\Ycpl-server\a02_電商部\03_平台管理\Online_Platform_Data\01_Shopee\04_Report_Output\png\00_LINE待發\店家訂單數日報_統計20260901-20260930_產出20260910_152800.png,\\Ycpl-server\a02_電商部\03_平台管理\Online_Platform_Data\01_Shopee\04_Report_Output\png\01_LINE已發歸檔\2026年09月\店家訂單數日報_統計20260901-20260930_產出20260910_152800.png,20260901,20260930,20260910_152800,399194,成功,
2026-09-10 16:05:16,店家訂單數日報,輸出,output\店家訂單數日報_統計20260901-20260930_產出20260910_160515.png,\\Ycpl-server\a02_電商部\03_平台管理\Online_Platform_Data\01_Shopee\04_Report_Output\png\00_LINE待發\店家訂單數日報_統計20260901-20260930_產出20260910_160515.png,20260901,20260930,20260910_160515,398847,成功,已驗證 PNG 並放入 LINE 待發區
2026-09-10 17:07:24,店家訂單數日報,歸檔,\\Ycpl-server\a02_電商部\03_平台管理\Online_Platform_Data\01_Shopee\04_Report_Output\png\00_LINE待發\店家訂單數日報_統計20260901-20260930_產出20260910_160515.png,\\Ycpl-server\a02_電商部\03_平台管理\Online_Platform_Data\01_Shopee\04_Report_Output\png\01_LINE已發歸檔\2026年09月\店家訂單數日報_統計20260901-20260930_產出20260910_160515.png,20260901,20260930,20260910_160515,398847,成功,
2026-09-10 17:07:24,店家訂單數日報,輸出,output\店家訂單數日報_統計20260901-20260930_產出20260910_170724.png,\\Ycpl-server\a02_電商部\03_平台管理\Online_Platform_Data\01_Shopee\04_Report_Output\png\00_LINE待發\店家訂單數日報_統計20260901-20260930_產出20260910_170724.png,20260901,20260930,20260910_170724,399440,成功,已驗證 PNG 並放入 LINE 待發區
2026-09-10 17:16:51,店家訂單數日報,歸檔,\\Ycpl-server\a02_電商部\03_平台管理\Online_Platform_Data\01_Shopee\04_Report_Output\png\00_LINE待發\店家訂單數日報_統計20260901-20260930_產出20260910_170724.png,\\Ycpl-server\a02_電商部\03_平台管理\Online_Platform_Data\01_Shopee\04_Report_Output\png\01_LINE已發歸檔\2026年09月\店家訂單數日報_統計20260901-20260930_產出20260910_170724.png,20260901,20260930,20260910_170724,399440,成功,
2026-09-10 17:16:51,店家訂單數日報,輸出,output\店家訂單數日報_統計20260901-20260930_產出20260910_171651.png,\\Ycpl-server\a02_電商部\03_平台管理\Online_Platform_Data\01_Shopee\04_Report_Output\png\00_LINE待發\店家訂單數日報_統計20260901-20260930_產出20260910_171651.png,20260901,20260930,20260910_171651,399090,成功,已驗證 PNG 並放入 LINE 待發區
2026-09-11 10:26:19,店家訂單數日報,歸檔,\\Ycpl-server\a02_電商部\03_平台管理\Online_Platform_Data\01_Shopee\04_Report_Output\png\00_LINE待發\店家訂單數日報_統計20260901-20260930_產出20260910_171651.png,\\Ycpl-server\a02_電商部\03_平台管理\Online_Platform_Data\01_Shopee\04_Report_Output\png\01_LINE已發歸檔\2026年09月\店家訂單數日報_統計20260901-20260930_產出20260910_171651.png,20260901,20260930,20260910_171651,399090,成功,
2026-09-11 10:26:19,店家訂單數日報,輸出,output\店家訂單數日報_統計20260901-20260930_產出20260911_102618.png,\\Ycpl-server\a02_電商部\03_平台管理\Online_Platform_Data\01_Shopee\04_Report_Output\png\00_LINE待發\店家訂單數日報_統計20260901-20260930_產出20260911_102618.png,20260901,20260930,20260911_102618,401826,成功,已驗證 PNG 並放入 LINE 待發區
2026-09-11 10:53:35,店家訂單數日報,歸檔,\\Ycpl-server\a02_電商部\03_平台管理\Online_Platform_Data\01_Shopee\04_Report_Output\png\00_LINE待發\店家訂單數日報_統計20260901-20260930_產出20260911_102618.png,\\Ycpl-server\a02_電商部\03_平台管理\Online_Platform_Data\01_Shopee\04_Report_Output\png\01_LINE已發歸檔\2026年09月\店家訂單數日報_統計20260901-20260930_產出20260911_102618.png,20260901,20260930,20260911_102618,401826,成功,
2026-09-11 10:53:35,店家訂單數日報,輸出,output\店家訂單數日報_統計20260901-20260930_產出20260911_105334.png,\\Ycpl-server\a02_電商部\03_平台管理\Online_Platform_Data\01_Shopee\04_Report_Output\png\00_LINE待發\店家訂單數日報_統計20260901-20260930_產出20260911_105334.png,20260901,20260930,20260911_105334,401868,成功,已驗證 PNG 並放入 LINE 待發區
2026-09-11 11:12:01,店家訂單數日報,歸檔,\\Ycpl-server\a02_電商部\03_平台管理\Online_Platform_Data\01_Shopee\04_Report_Output\png\00_LINE待發\店家訂單數日報_統計20260901-20260930_產出20260911_105334.png,\\Ycpl-server\a02_電商部\03_平台管理\Online_Platform_Data\01_Shopee\04_Report_Output\png\01_LINE已發歸檔\2026年09月\店家訂單數日報_統計20260901-20260930_產出20260911_105334.png,20260901,20260930,20260911_105334,401868,成功,
2026-09-11 11:12:01,店家訂單數日報,輸出,output\店家訂單數日報_統計20260901-20260930_產出20260911_111200.png,\\Ycpl-server\a02_電商部\03_平台管理\Online_Platform_Data\01_Shopee\04_Report_Output\png\00_LINE待發\店家訂單數日報_統計20260901-20260930_產出20260911_111200.png,20260901,20260930,20260911_111200,401426,成功,已驗證 PNG 並放入 LINE 待發區
2026-09-11 11:42:53,跨平台關注群組數量報表,歸檔,\\Ycpl-server\a02_電商部\03_平台管理\Online_Platform_Data\01_Shopee\04_Report_Output\png\00_LINE待發\跨平台關注群組數量報表_統計20260901-20260909_產出20260910_120849.png,\\Ycpl-server\a02_電商部\03_平台管理\Online_Platform_Data\01_Shopee\04_Report_Output\png\01_LINE已發歸檔\2026年09月\跨平台關注群組數量報表_統計20260901-20260909_產出20260910_120849.png,20260901,20260909,20260910_120849,966734,成功,
2026-09-11 11:42:53,跨平台關注群組數量報表,輸出,D:\Projects\python_dev\ec-data-pipeline\data_processed\reports\platform_orders_focus_groups\12_focus_groups_quantity_report_20260901-20260910_20260911_114251.png,\\Ycpl-server\a02_電商部\03_平台管理\Online_Platform_Data\01_Shopee\04_Report_Output\png\00_LINE待發\跨平台關注群組數量報表_統計20260901-20260910_產出20260911_114251.png,20260901,20260910,20260911_114251,955496,成功,已驗證 PNG 並放入 LINE 待發區
2026-09-11 12:12:05,跨平台關注群組數量報表,歸檔,\\Ycpl-server\a02_電商部\03_平台管理\Online_Platform_Data\01_Shopee\04_Report_Output\png\00_LINE待發\跨平台關注群組數量報表_統計20260901-20260910_產出20260911_114251.png,\\Ycpl-server\a02_電商部\03_平台管理\Online_Platform_Data\01_Shopee\04_Report_Output\png\01_LINE已發歸檔\2026年09月\跨平台關注群組數量報表_統計20260901-20260910_產出20260911_114251.png,20260901,20260910,20260911_114251,955496,成功,
2026-09-11 12:12:05,跨平台關注群組數量報表,輸出,D:\Projects\python_dev\ec-data-pipeline\data_processed\reports\platform_orders_focus_groups\12_focus_groups_quantity_report_20260901-20260910_20260911_121202.png,\\Ycpl-server\a02_電商部\03_平台管理\Online_Platform_Data\01_Shopee\04_Report_Output\png\00_LINE待發\跨平台關注群組數量報表_統計20260901-20260910_產出20260911_121202.png,20260901,20260910,20260911_121202,955333,成功,已驗證 PNG 並放入 LINE 待發區
2026-09-11 16:09:43,店家訂單數日報,歸檔,\\Ycpl-server\a02_電商部\03_平台管理\Online_Platform_Data\01_Shopee\04_Report_Output\png\00_LINE待發\店家訂單數日報_統計20260901-20260930_產出20260911_111200.png,\\Ycpl-server\a02_電商部\03_平台管理\Online_Platform_Data\01_Shopee\04_Report_Output\png\01_LINE已發歸檔\2026年09月\店家訂單數日報_統計20260901-20260930_產出20260911_111200.png,20260901,20260930,20260911_111200,401426,成功,
2026-09-11 16:09:43,店家訂單數日報,輸出,output\店家訂單數日報_統計20260901-20260930_產出20260911_160942.png,\\Ycpl-server\a02_電商部\03_平台管理\Online_Platform_Data\01_Shopee\04_Report_Output\png\00_LINE待發\店家訂單數日報_統計20260901-20260930_產出20260911_160942.png,20260901,20260930,20260911_160942,402652,成功,已驗證 PNG 並放入 LINE 待發區
2026-09-11 17:34:59,店家訂單數日報,歸檔,\\Ycpl-server\a02_電商部\03_平台管理\Online_Platform_Data\01_Shopee\04_Report_Output\png\00_LINE待發\店家訂單數日報_統計20260901-20260930_產出20260911_160942.png,\\Ycpl-server\a02_電商部\03_平台管理\Online_Platform_Data\01_Shopee\04_Report_Output\png\01_LINE已發歸檔\2026年09月\店家訂單數日報_統計20260901-20260930_產出20260911_160942.png,20260901,20260930,20260911_160942,402652,成功,
2026-09-11 17:34:59,店家訂單數日報,輸出,output\店家訂單數日報_統計20260901-20260930_產出20260911_173459.png,\\Ycpl-server\a02_電商部\03_平台管理\Online_Platform_Data\01_Shopee\04_Report_Output\png\00_LINE待發\店家訂單數日報_統計20260901-20260930_產出20260911_173459.png,20260901,20260930,20260911_173459,402064,成功,已驗證 PNG 並放入 LINE 待發區
2026-09-14 10:33:59,店家訂單數日報,歸檔,\\Ycpl-server\a02_電商部\03_平台管理\Online_Platform_Data\01_Shopee\04_Report_Output\png\00_LINE待發\店家訂單數日報_統計20260901-20260930_產出20260911_173459.png,\\Ycpl-server\a02_電商部\03_平台管理\Online_Platform_Data\01_Shopee\04_Report_Output\png\01_LINE已發歸檔\2026年09月\店家訂單數日報_統計20260901-20260930_產出20260911_173459.png,20260901,20260930,20260911_173459,402064,成功,
2026-09-14 10:33:59,店家訂單數日報,輸出,output\店家訂單數日報_統計20260901-20260930_產出20260914_103358.png,\\Ycpl-server\a02_電商部\03_平台管理\Online_Platform_Data\01_Shopee\04_Report_Output\png\00_LINE待發\店家訂單數日報_統計20260901-20260930_產出20260914_103358.png,20260901,20260930,20260914_103358,413351,成功,已驗證 PNG 並放入 LINE 待發區
2026-09-14 11:17:16,跨平台關注群組數量報表,歸檔,\\Ycpl-server\a02_電商部\03_平台管理\Online_Platform_Data\01_Shopee\04_Report_Output\png\00_LINE待發\跨平台關注群組數量報表_統計20260901-20260910_產出20260911_121202.png,\\Ycpl-server\a02_電商部\03_平台管理\Online_Platform_Data\01_Shopee\04_Report_Output\png\01_LINE已發歸檔\2026年09月\跨平台關注群組數量報表_統計20260901-20260910_產出20260911_121202.png,20260901,20260910,20260911_121202,955333,成功,
2026-09-14 11:17:16,跨平台關注群組數量報表,輸出,D:\Projects\python_dev\ec-data-pipeline\data_processed\reports\platform_orders_focus_groups\12_focus_groups_quantity_report_20260901-20260913_20260914_111714.png,\\Ycpl-server\a02_電商部\03_平台管理\Online_Platform_Data\01_Shopee\04_Report_Output\png\00_LINE待發\跨平台關注群組數量報表_統計20260901-20260913_產出20260914_111714.png,20260901,20260913,20260914_111714,965967,成功,已驗證 PNG 並放入 LINE 待發區
2026-09-14 16:02:25,店家訂單數日報,歸檔,\\Ycpl-server\a02_電商部\03_平台管理\Online_Platform_Data\01_Shopee\04_Report_Output\png\00_LINE待發\店家訂單數日報_統計20260901-20260930_產出20260914_103358.png,\\Ycpl-server\a02_電商部\03_平台管理\Online_Platform_Data\01_Shopee\04_Report_Output\png\01_LINE已發歸檔\2026年09月\店家訂單數日報_統計20260901-20260930_產出20260914_103358.png,20260901,20260930,20260914_103358,413351,成功,
2026-09-14 16:02:25,店家訂單數日報,輸出,output\店家訂單數日報_統計20260901-20260930_產出20260914_160224.png,\\Ycpl-server\a02_電商部\03_平台管理\Online_Platform_Data\01_Shopee\04_Report_Output\png\00_LINE待發\店家訂單數日報_統計20260901-20260930_產出20260914_160224.png,20260901,20260930,20260914_160224,413238,成功,已驗證 PNG 並放入 LINE 待發區
2026-09-15 10:42:14,店家訂單數日報,歸檔,\\Ycpl-server\a02_電商部\03_平台管理\Online_Platform_Data\01_Shopee\04_Report_Output\png\00_LINE待發\店家訂單數日報_統計20260901-20260930_產出20260914_160224.png,\\Ycpl-server\a02_電商部\03_平台管理\Online_Platform_Data\01_Shopee\04_Report_Output\png\01_LINE已發歸檔\2026年09月\店家訂單數日報_統計20260901-20260930_產出20260914_160224.png,20260901,20260930,20260914_160224,413238,成功,
2026-09-15 10:42:14,店家訂單數日報,輸出,output\店家訂單數日報_統計20260901-20260930_產出20260915_104213.png,\\Ycpl-server\a02_電商部\03_平台管理\Online_Platform_Data\01_Shopee\04_Report_Output\png\00_LINE待發\店家訂單數日報_統計20260901-20260930_產出20260915_104213.png,20260901,20260930,20260915_104213,418960,成功,已驗證 PNG 並放入 LINE 待發區
2026-09-15 11:11:21,跨平台關注群組數量報表,歸檔,\\Ycpl-server\a02_電商部\03_平台管理\Online_Platform_Data\01_Shopee\04_Report_Output\png\00_LINE待發\跨平台關注群組數量報表_統計20260901-20260913_產出20260914_111714.png,\\Ycpl-server\a02_電商部\03_平台管理\Online_Platform_Data\01_Shopee\04_Report_Output\png\01_LINE已發歸檔\2026年09月\跨平台關注群組數量報表_統計20260901-20260913_產出20260914_111714.png,20260901,20260913,20260914_111714,965967,成功,
2026-09-15 11:11:21,跨平台關注群組數量報表,輸出,D:\Projects\python_dev\ec-data-pipeline\data_processed\reports\platform_orders_focus_groups\12_focus_groups_quantity_report_20260901-20260914_20260915_111119.png,\\Ycpl-server\a02_電商部\03_平台管理\Online_Platform_Data\01_Shopee\04_Report_Output\png\00_LINE待發\跨平台關注群組數量報表_統計20260901-20260914_產出20260915_111119.png,20260901,20260914,20260915_111119,968539,成功,已驗證 PNG 並放入 LINE 待發區
2026-09-15 12:53:22,跨平台關注群組數量報表,歸檔,\\Ycpl-server\a02_電商部\03_平台管理\Online_Platform_Data\01_Shopee\04_Report_Output\png\00_LINE待發\跨平台關注群組數量報表_統計20260901-20260914_產出20260915_111119.png,\\Ycpl-server\a02_電商部\03_平台管理\Online_Platform_Data\01_Shopee\04_Report_Output\png\01_LINE已發歸檔\2026年09月\跨平台關注群組數量報表_統計20260901-20260914_產出20260915_111119.png,20260901,20260914,20260915_111119,968539,成功,
2026-09-15 12:53:22,跨平台關注群組數量報表,輸出,D:\Projects\python_dev\ec-data-pipeline\data_processed\reports\platform_orders_focus_groups\12_focus_groups_quantity_report_20260901-20260914_20260915_125321.png,\\Ycpl-server\a02_電商部\03_平台管理\Online_Platform_Data\01_Shopee\04_Report_Output\png\00_LINE待發\跨平台關注群組數量報表_統計20260901-20260914_產出20260915_125321.png,20260901,20260914,20260915_125321,994755,成功,已驗證 PNG 並放入 LINE 待發區
2026-09-15 16:10:39,店家訂單數日報,歸檔,\\Ycpl-server\a02_電商部\03_平台管理\Online_Platform_Data\01_Shopee\04_Report_Output\png\00_LINE待發\店家訂單數日報_統計20260901-20260930_產出20260915_104213.png,\\Ycpl-server\a02_電商部\03_平台管理\Online_Platform_Data\01_Shopee\04_Report_Output\png\01_LINE已發歸檔\2026年09月\店家訂單數日報_統計20260901-20260930_產出20260915_104213.png,20260901,20260930,20260915_104213,418960,成功,
2026-09-15 16:10:39,店家訂單數日報,輸出,output\店家訂單數日報_統計20260901-20260930_產出20260915_161038.png,\\Ycpl-server\a02_電商部\03_平台管理\Online_Platform_Data\01_Shopee\04_Report_Output\png\00_LINE待發\店家訂單數日報_統計20260901-20260930_產出20260915_161038.png,20260901,20260930,20260915_161038,418758,成功,已驗證 PNG 並放入 LINE 待發區
2026-09-15 16:20:12,店家訂單數日報,歸檔,\\Ycpl-server\a02_電商部\03_平台管理\Online_Platform_Data\01_Shopee\04_Report_Output\png\00_LINE待發\店家訂單數日報_統計20260901-20260930_產出20260915_161038.png,\\Ycpl-server\a02_電商部\03_平台管理\Online_Platform_Data\01_Shopee\04_Report_Output\png\01_LINE已發歸檔\2026年09月\店家訂單數日報_統計20260901-20260930_產出20260915_161038.png,20260901,20260930,20260915_161038,418758,成功,
2026-09-15 16:20:12,店家訂單數日報,輸出,output\店家訂單數日報_統計20260901-20260930_產出20260915_162010.png,\\Ycpl-server\a02_電商部\03_平台管理\Online_Platform_Data\01_Shopee\04_Report_Output\png\00_LINE待發\店家訂單數日報_統計20260901-20260930_產出20260915_162010.png,20260901,20260930,20260915_162010,418758,成功,已驗證 PNG 並放入 LINE 待發區
2026-09-16 10:23:02,店家訂單數日報,歸檔,\\Ycpl-server\a02_電商部\03_平台管理\Online_Platform_Data\01_Shopee\04_Report_Output\png\00_LINE待發\店家訂單數日報_統計20260901-20260930_產出20260915_162010.png,\\Ycpl-server\a02_電商部\03_平台管理\Online_Platform_Data\01_Shopee\04_Report_Output\png\01_LINE已發歸檔\2026年09月\店家訂單數日報_統計20260901-20260930_產出20260915_162010.png,20260901,20260930,20260915_162010,418758,成功,
2026-09-16 10:23:02,店家訂單數日報,輸出,output\店家訂單數日報_統計20260901-20260930_產出20260916_102301.png,\\Ycpl-server\a02_電商部\03_平台管理\Online_Platform_Data\01_Shopee\04_Report_Output\png\00_LINE待發\店家訂單數日報_統計20260901-20260930_產出20260916_102301.png,20260901,20260930,20260916_102301,421596,成功,已驗證 PNG 並放入 LINE 待發區
2026-09-16 10:35:53,店家訂單數日報,歸檔,\\Ycpl-server\a02_電商部\03_平台管理\Online_Platform_Data\01_Shopee\04_Report_Output\png\00_LINE待發\店家訂單數日報_統計20260901-20260930_產出20260916_102301.png,\\Ycpl-server\a02_電商部\03_平台管理\Online_Platform_Data\01_Shopee\04_Report_Output\png\01_LINE已發歸檔\2026年09月\店家訂單數日報_統計20260901-20260930_產出20260916_102301.png,20260901,20260930,20260916_102301,421596,成功,
2026-09-16 10:35:53,店家訂單數日報,輸出,output\店家訂單數日報_統計20260901-20260930_產出20260916_103552.png,\\Ycpl-server\a02_電商部\03_平台管理\Online_Platform_Data\01_Shopee\04_Report_Output\png\00_LINE待發\店家訂單數日報_統計20260901-20260930_產出20260916_103552.png,20260901,20260930,20260916_103552,422910,成功,已驗證 PNG 並放入 LINE 待發區
2026-09-16 10:58:16,店家訂單數日報,歸檔,\\Ycpl-server\a02_電商部\03_平台管理\Online_Platform_Data\01_Shopee\04_Report_Output\png\00_LINE待發\店家訂單數日報_統計20260901-20260930_產出20260916_103552.png,\\Ycpl-server\a02_電商部\03_平台管理\Online_Platform_Data\01_Shopee\04_Report_Output\png\01_LINE已發歸檔\2026年09月\店家訂單數日報_統計20260901-20260930_產出20260916_103552.png,20260901,20260930,20260916_103552,422910,成功,
2026-09-16 10:58:16,店家訂單數日報,輸出,output\店家訂單數日報_統計20260901-20260930_產出20260916_105815.png,\\Ycpl-server\a02_電商部\03_平台管理\Online_Platform_Data\01_Shopee\04_Report_Output\png\00_LINE待發\店家訂單數日報_統計20260901-20260930_產出20260916_105815.png,20260901,20260930,20260916_105815,422371,成功,已驗證 PNG 並放入 LINE 待發區
2026-09-16 11:21:38,跨平台關注群組數量報表,歸檔,\\Ycpl-server\a02_電商部\03_平台管理\Online_Platform_Data\01_Shopee\04_Report_Output\png\00_LINE待發\跨平台關注群組數量報表_統計20260901-20260914_產出20260915_125321.png,\\Ycpl-server\a02_電商部\03_平台管理\Online_Platform_Data\01_Shopee\04_Report_Output\png\01_LINE已發歸檔\2026年09月\跨平台關注群組數量報表_統計20260901-20260914_產出20260915_125321.png,20260901,20260914,20260915_125321,994755,成功,
2026-09-16 11:21:38,跨平台關注群組數量報表,輸出,D:\Projects\python_dev\ec-data-pipeline\data_processed\reports\platform_orders_focus_groups\12_focus_groups_quantity_report_20260901-20260915_20260916_112136.png,\\Ycpl-server\a02_電商部\03_平台管理\Online_Platform_Data\01_Shopee\04_Report_Output\png\00_LINE待發\跨平台關注群組數量報表_統計20260901-20260915_產出20260916_112136.png,20260901,20260915,20260916_112136,983625,成功,已驗證 PNG 並放入 LINE 待發區
2026-09-16 16:07:31,店家訂單數日報,歸檔,\\Ycpl-server\a02_電商部\03_平台管理\Online_Platform_Data\01_Shopee\04_Report_Output\png\00_LINE待發\店家訂單數日報_統計20260901-20260930_產出20260916_105815.png,\\Ycpl-server\a02_電商部\03_平台管理\Online_Platform_Data\01_Shopee\04_Report_Output\png\01_LINE已發歸檔\2026年09月\店家訂單數日報_統計20260901-20260930_產出20260916_105815.png,20260901,20260930,20260916_105815,422371,成功,
2026-09-16 16:07:31,店家訂單數日報,輸出,output\店家訂單數日報_統計20260901-20260930_產出20260916_160730.png,\\Ycpl-server\a02_電商部\03_平台管理\Online_Platform_Data\01_Shopee\04_Report_Output\png\00_LINE待發\店家訂單數日報_統計20260901-20260930_產出20260916_160730.png,20260901,20260930,20260916_160730,422330,成功,已驗證 PNG 並放入 LINE 待發區
2026-09-17 10:23:13,店家訂單數日報,歸檔,\\Ycpl-server\a02_電商部\03_平台管理\Online_Platform_Data\01_Shopee\04_Report_Output\png\00_LINE待發\店家訂單數日報_統計20260901-20260930_產出20260916_160730.png,\\Ycpl-server\a02_電商部\03_平台管理\Online_Platform_Data\01_Shopee\04_Report_Output\png\01_LINE已發歸檔\2026年09月\店家訂單數日報_統計20260901-20260930_產出20260916_160730.png,20260901,20260930,20260916_160730,422330,成功,
2026-09-17 10:23:13,店家訂單數日報,輸出,output\店家訂單數日報_統計20260901-20260930_產出20260917_102312.png,\\Ycpl-server\a02_電商部\03_平台管理\Online_Platform_Data\01_Shopee\04_Report_Output\png\00_LINE待發\店家訂單數日報_統計20260901-20260930_產出20260917_102312.png,20260901,20260930,20260917_102312,425972,成功,已驗證 PNG 並放入 LINE 待發區
2026-09-17 10:37:46,店家訂單數日報,歸檔,\\Ycpl-server\a02_電商部\03_平台管理\Online_Platform_Data\01_Shopee\04_Report_Output\png\00_LINE待發\店家訂單數日報_統計20260901-20260930_產出20260917_102312.png,\\Ycpl-server\a02_電商部\03_平台管理\Online_Platform_Data\01_Shopee\04_Report_Output\png\01_LINE已發歸檔\2026年09月\店家訂單數日報_統計20260901-20260930_產出20260917_102312.png,20260901,20260930,20260917_102312,425972,成功,
2026-09-17 10:37:46,店家訂單數日報,輸出,output\店家訂單數日報_統計20260901-20260930_產出20260917_103745.png,\\Ycpl-server\a02_電商部\03_平台管理\Online_Platform_Data\01_Shopee\04_Report_Output\png\00_LINE待發\店家訂單數日報_統計20260901-20260930_產出20260917_103745.png,20260901,20260930,20260917_103745,425904,成功,已驗證 PNG 並放入 LINE 待發區
2026-09-17 11:11:12,跨平台關注群組數量報表,歸檔,\\Ycpl-server\a02_電商部\03_平台管理\Online_Platform_Data\01_Shopee\04_Report_Output\png\00_LINE待發\跨平台關注群組數量報表_統計20260901-20260915_產出20260916_112136.png,\\Ycpl-server\a02_電商部\03_平台管理\Online_Platform_Data\01_Shopee\04_Report_Output\png\01_LINE已發歸檔\2026年09月\跨平台關注群組數量報表_統計20260901-20260915_產出20260916_112136.png,20260901,20260915,20260916_112136,983625,成功,
2026-09-17 11:11:12,跨平台關注群組數量報表,輸出,D:\Projects\python_dev\ec-data-pipeline\data_processed\reports\platform_orders_focus_groups\12_focus_groups_quantity_report_20260901-20260916_20260917_111110.png,\\Ycpl-server\a02_電商部\03_平台管理\Online_Platform_Data\01_Shopee\04_Report_Output\png\00_LINE待發\跨平台關注群組數量報表_統計20260901-20260916_產出20260917_111110.png,20260901,20260916,20260917_111110,1005121,成功,已驗證 PNG 並放入 LINE 待發區
2026-09-17 17:00:24,店家訂單數日報,歸檔,\\Ycpl-server\a02_電商部\03_平台管理\Online_Platform_Data\01_Shopee\04_Report_Output\png\00_LINE待發\店家訂單數日報_統計20260901-20260930_產出20260917_103745.png,\\Ycpl-server\a02_電商部\03_平台管理\Online_Platform_Data\01_Shopee\04_Report_Output\png\01_LINE已發歸檔\2026年09月\店家訂單數日報_統計20260901-20260930_產出20260917_103745.png,20260901,20260930,20260917_103745,425904,成功,
2026-09-17 17:00:24,店家訂單數日報,輸出,output\店家訂單數日報_統計20260901-20260930_產出20260917_170023.png,\\Ycpl-server\a02_電商部\03_平台管理\Online_Platform_Data\01_Shopee\04_Report_Output\png\00_LINE待發\店家訂單數日報_統計20260901-20260930_產出20260917_170023.png,20260901,20260930,20260917_170023,427106,成功,已驗證 PNG 並放入 LINE 待發區
2026-09-18 10:12:26,店家訂單數日報,歸檔,\\Ycpl-server\a02_電商部\03_平台管理\Online_Platform_Data\01_Shopee\04_Report_Output\png\00_LINE待發\店家訂單數日報_統計20260901-20260930_產出20260917_170023.png,\\Ycpl-server\a02_電商部\03_平台管理\Online_Platform_Data\01_Shopee\04_Report_Output\png\01_LINE已發歸檔\2026年09月\店家訂單數日報_統計20260901-20260930_產出20260917_170023.png,20260901,20260930,20260917_170023,427106,成功,
2026-09-18 10:12:26,店家訂單數日報,輸出,output\店家訂單數日報_統計20260901-20260930_產出20260918_101225.png,\\Ycpl-server\a02_電商部\03_平台管理\Online_Platform_Data\01_Shopee\04_Report_Output\png\00_LINE待發\店家訂單數日報_統計20260901-20260930_產出20260918_101225.png,20260901,20260930,20260918_101225,431142,成功,已驗證 PNG 並放入 LINE 待發區
